#Create netflix database
CREATE DATABASE netflix;

#Use netflix database
USE netflix;

#Create Tables (In order)

CREATE TABLE MEMBER (
	Member_ID int NOT NULL,
	First_Name varchar(30),
	Last_Name varchar(30),
	Email varchar(50) NOT NULL,
	CONSTRAINT Member_PK PRIMARY KEY (Member_ID)
);

CREATE TABLE PAYMENT (
	Payment_ID bigint NOT NULL,
	Payment_Type varchar(30),
	Provider varchar(30),
	Payment_Date date,
	CONSTRAINT PAYMENT_PK PRIMARY KEY (Payment_ID)
);

CREATE TABLE SUBSCRIPTION_PLAN (
	Plan_Type varchar(30) NOT NULL,
	Price int,
	CONSTRAINT SUBSCRIPTION_PLAN_PK PRIMARY KEY (Plan_Type)
);

CREATE TABLE CONTENT (
	Content_ID varchar(30) NOT NULL,
    Content_Name varchar(255),
	Date_of_Release date,
	Maturity_Rating varchar(30),
	Description text,
	Content_Type varchar(30),
	CONSTRAINT CONTENT_PK PRIMARY KEY (Content_ID)
);

CREATE TABLE ACTOR (
	Actor_ID varchar(30) NOT NULL,
	First_Name varchar(30),
	Last_Name varchar(30),
	CONSTRAINT ACTOR_PK PRIMARY KEY (Actor_ID)
);

CREATE TABLE SERIES (
	Series_ID varchar(30) NOT NULL,
	Name varchar(30),
	CONSTRAINT SERIES_PK PRIMARY KEY (Series_ID)
);

CREATE TABLE SEASON (
	Series_ID varchar(30),
	SeasonNo int NOT NULL,
	CONSTRAINT SEASON_PK PRIMARY KEY (Series_ID, SeasonNo),
	CONSTRAINT SEASON_FK FOREIGN KEY (Series_ID) REFERENCES SERIES (Series_ID)
);

CREATE TABLE FILM (
	F_Content_ID varchar(30),
	Run_Time time,
	CONSTRAINT FILM_PK PRIMARY KEY (F_Content_ID),
	CONSTRAINT FILM_FK FOREIGN KEY (F_Content_ID) REFERENCES CONTENT (Content_ID)
);

CREATE TABLE CONTENT_ACTOR (
	Content_ID varchar(30),
	Actor_ID varchar(30),
	CONSTRAINT CONTENT_ACTOR_PK PRIMARY KEY (Content_ID, Actor_ID),
	CONSTRAINT CONTENT_ACTOR_FK1 FOREIGN KEY (Content_ID) REFERENCES CONTENT (Content_ID),
	CONSTRAINT CONTENT_ACTOR_FK2 FOREIGN KEY (Actor_ID) REFERENCES ACTOR (ACTOR_ID)
);


CREATE TABLE CONTENT_CREATOR (
	Content_ID varchar(30),
	Creator_Name varchar(255),
	CONSTRAINT CONTENT_CREATOR_PK PRIMARY KEY (Content_ID),
	CONSTRAINT CONTENT_CREATOR_FK FOREIGN KEY (Content_ID) REFERENCES CONTENT (Content_ID)
);

CREATE TABLE CONTENT_MOOD (
	Content_ID varchar(30),
	Mood varchar(255),
	CONSTRAINT CONTENT_MOOD_PK PRIMARY KEY (Content_ID),
	CONSTRAINT CONTENT_MOOD_FK FOREIGN KEY (Content_ID) REFERENCES CONTENT (Content_ID)
);

CREATE TABLE CONTENT_GENRE (
	Content_ID varchar(30),
	Genre varchar(255),
	CONSTRAINT CONTENT_GENRE_PK PRIMARY KEY (Content_ID),
	CONSTRAINT CONTENT_GENRE_FK FOREIGN KEY (Content_ID) REFERENCES CONTENT (Content_ID)
);

CREATE TABLE PROFILE (
	Member_ID int,
	Name varchar(30) NOT NULL,
	Profile_Type varchar(30),
	CONSTRAINT PROFILE_PK PRIMARY KEY (Member_ID, Name),
	CONSTRAINT PROFILE_FK FOREIGN KEY (Member_ID) REFERENCES MEMBER(Member_ID)
);

CREATE TABLE MEMBER_SUBSCRIPTION_PAYMENT (
	Member_ID int,
	Payment_ID bigint,
	Plan_Type varchar(30),
	Start_Date date,
	End_Date date,
	CONSTRAINT MEMBER_SUBSCRIPTION_PAYMENT_PK PRIMARY KEY (Member_ID, Payment_ID, Plan_Type),
	CONSTRAINT MEMBER_SUBSCRIPTION_PAYMENT_FK1 FOREIGN KEY (Member_ID) REFERENCES MEMBER (Member_ID),
	CONSTRAINT  MEMBER_SUBSCRIPTION_PAYMENT_FK2 FOREIGN KEY (Payment_ID) REFERENCES PAYMENT (Payment_ID),
	CONSTRAINT  MEMBER_SUBSCRIPTION_PAYMENT_FK3 FOREIGN KEY (Plan_Type) REFERENCES SUBSCRIPTION_PLAN (Plan_Type)
);

CREATE TABLE DEVICE (
	Device_ID int NOT NULL, 
	Member_ID int,
	Device_Type varchar(255),
	Login_Date date,
	CONSTRAINT DEVICE_PK PRIMARY KEY (Device_ID), 
	CONSTRAINT DEVICE_FK FOREIGN KEY(Member_ID) REFERENCES Member(Member_ID)
);

CREATE TABLE RECOMMENDATION (
	Member_ID int,
	Profile_Name varchar(30),
	Content_ID varchar(30),
	Score int,
	CONSTRAINT RECOMMENDATION_PK PRIMARY KEY (Member_ID, Profile_Name, Content_ID),
	CONSTRAINT RECOMMENDATION_FK1 FOREIGN KEY (Member_ID, Profile_Name) REFERENCES PROFILE (Member_ID, Name),
	CONSTRAINT RECOMMENDATION_FK2 FOREIGN KEY (Content_ID) REFERENCES CONTENT (Content_ID)
);

CREATE TABLE WATCH_HISTORY (
	Content_ID varchar(30),
	Member_ID int,
	Profile_Name varchar(30),
	Date_Watched date,
	Duration_Watched time,
	CONSTRAINT WATCH_HISTORY_PK PRIMARY KEY (Content_ID, Member_ID, Profile_Name),
	CONSTRAINT WATCH_HISTORY_FK1 FOREIGN KEY (Content_ID) REFERENCES CONTENT (Content_ID),
	CONSTRAINT WATCH_HISTORY_FK2 FOREIGN KEY (Member_ID, Profile_Name) REFERENCES PROFILE (Member_ID, Name)
);

CREATE TABLE EPISODE (
	E_Content_ID varchar(30),
	Series_ID varchar(30),
	SeasonNo int,
	EpisodeNo int,
	CONSTRAINT EPISODE_PK PRIMARY KEY (E_Content_ID),
	CONSTRAINT EPISODE_FK1 FOREIGN KEY (E_Content_ID) REFERENCES CONTENT (Content_ID),
	CONSTRAINT EPISODE_FK2 FOREIGN KEY (Series_ID, SeasonNo) REFERENCES SEASON (Series_ID, SeasonNo)
);

-- INSERT STATEMENTS (IN ORDER)

INSERT INTO MEMBER (Member_ID, First_Name, Last_Name, Email) VALUES (16504, 'Elsen', 'Soh', 'elsen.soh.2022@smu.edu.sg'),(68025, 'Leong', 'Chong Gui', 'cg.leong.2024@smu.edu.sg'),(71135, 'Teo', 'Jie Ying', 'jieying.teo.2021@smu.edu.sg'),(40657, 'Shamaine', 'Wong Xin Er', 'xewong.2022@smu.edu.sg'),(16058, 'Florance Gwee', 'Shi Juan', 'sjgwee.2021@smu.edu.sg'),(17772, 'Seah', 'Jin Rui', 'jinrui.seah.2021@smu.edu.sg'),(60294, 'C Dayanita', 'Rani', 'dayanitar.2021@smu.edu.sg'),(69099, 'Crystal', 'Lin', 'crystal.lin.2024@smu.edu.sg'),(83369, 'Jamie Ma', 'Wen Way', 'jamie.ma.2021@smu.edu.sg\t'),(98087, 'Keito', 'Fukumuro', 'k.fukumuro.2024@smu.edu.sg'), (12345, 'Inactive', 'Member', 'inactive@gmail.com');

INSERT INTO PAYMENT (Payment_ID, Payment_Type, Provider, Payment_Date) VALUES (2180954684, 'Credit Card', 'Mastercard', '2024-07-05'),(1749267346, 'Credit Card', 'Visa', '2024-07-07'),(2024628706, 'Credit Card', 'Mastercard', '2024-07-10'),(1407578902, 'Debit Card', 'Visa', '2024-08-05'),(1008962054, 'Credit Card', 'Visa', '2024-08-07'),(2623657323, 'Credit Card', 'Mastercard', '2024-08-10'),(1385070255, 'Debit Card', 'Visa', '2024-09-02'),(2975445895, 'Debit Card', 'Mastercard', '2024-09-05'),(1226598418, 'Credit Card', 'Visa', '2024-09-07'),(2659700954, 'Credit Card', 'AMEX', '2024-09-10'),(2038620436, 'Credit Card', 'Mastercard', '2024-10-01'),(2584569062, 'Credit Card', 'Mastercard', '2024-10-02'),(2357808464, 'Credit Card', 'Mastercard', '2024-10-03'),(1098543098, 'Credit Card', 'Visa', '2024-10-05'),(1823498502, 'Debit Card', 'Visa', '2024-10-06'),(4130293258, 'Credit Card', 'PayPal', '2024-10-07'),(4824680219, 'Credit Card', 'PayPal', '2024-10-08'),(2436902324, 'Credit Card', 'Mastercard', '2024-10-09'),(1980142227, 'Debit Card', 'Visa', '2024-10-10'),(1098820465, 'Credit Card', 'Visa', '2024-11-01'),(2928062844, 'Debit Card', 'Mastercard', '2024-11-02'),(2479370416, 'Debit Card', 'Mastercard', '2024-11-03'),(2804023853, 'Credit Card', 'Mastercard', '2024-11-04'),(2861783568, 'Debit Card', 'Mastercard', '2024-11-05'),(1475405074, 'Credit Card', 'Visa', '2024-11-06'),(2082670776, 'Credit Card', 'Mastercard', '2024-11-07'),(2596826007, 'Credit Card', 'Mastercard', '2024-11-08'),(2054542138, 'Credit Card', 'Mastercard', '2024-11-09'),(3893403478, 'Credit Card', 'AMEX', '2024-11-10'), (1234567890, 'Credit Card', 'AMEX', '2024-10-13');

INSERT INTO SUBSCRIPTION_PLAN (Plan_Type, Price) VALUES ('Basic', 13.98), ('Standard', 19.98), ('Premium', 25.98);

INSERT INTO CONTENT (Content_ID, Content_Name, Date_of_Release, Maturity_Rating, Content_Type, Description) VALUES ('C1', 'Chapter One: The Vanishing of Will Byers', '2016-07-15', 'TV-14', 'Episode', "On his way home from a friend's house, young Will sees something terrifying. Nearby, a sinister secret lurks in the depths of a government lab."),('C2', 'Chapter Two: The Weirdo on Maple Street', '2016-07-15', 'TV-14', 'Episode', 'Lucas, Mike and Dustin try to talk to the girl they found in the woods. Hopper questions an anxious Joyce about an unsettling phone call.'),('C3', 'Chapter Three: Holly, Jolly', '2016-07-15', 'TV-14', 'Episode', 'Increasingly concerned, Nancy searches for Barb and tries to find out what Jonathan has been up to; Joyce thinks Will is trying to talk to her.'),('C4', 'Chapter Four: The Body', '2016-07-15', 'TV-14', 'Episode', 'Refusing to accept that Will is dead, Joyce tries to connect with him; the boys decide to give Eleven a makeover; Jonathan and Nancy form an unexpected alliance.'),('C5', 'Chapter Five: The Flea and the Acrobat', '2016-07-15', 'TV-14', 'Episode', 'Hopper gets into the lab; Jonathan and Nancy confront the force that took Will; the boys talk to Mr. Clarke about travelling to another dimension.'),('C6', 'Chapter Six: The Monster', '2016-07-15', 'TV-14', 'Episode', "A frantic Jonathan looks for Nancy in the darkness, but Steve's looking for her, too. Hopper and Joyce uncover the truth about the lab's experiments."),('C7', 'Chapter Seven: The Bathtub', '2016-07-15', 'TV-14', 'Episode', 'Eleven tries to reach Will; Lucas issues a warning about the arrival of the bad men; Jonathan and Nancy show the police what was caught on camera.'),('C8', 'Chapter Eight: The Upside Down', '2016-07-15', 'TV-14', 'Episode', "Dr Brenner holds Hopper and Joyce for questioning while the boys wait with Eleven in the gym. Back at Will's, Nancy and Jonathan prepare for battle."),('C9', 'Chapter One: MADMAX', '2017-10-27', 'TV-14', 'Episode', 'As the town prepares for Halloween, a high-scoring rival shakes things up at the arcade and skeptical Hopper examines a field of rotting pumpkins.'),('C10', 'Chapter Two: Trick or Treat, Freak', '2017-10-27', 'TV-14', 'Episode', 'After Will sees something terrible while trick or treating, Mike wonders if Eleven is still alive; Nancy struggles to come to terms with the truth about Barb.'),('C11', 'Chapter Three: The Pollywog', '2017-10-27', 'TV-14', 'Episode', 'Dustin adopts a strange new pet, Eleven grows increasingly impatient and well-intentioned Bob urges Will to stand up to his fears.'),('C12', 'Chapter Four: Will the Wise', '2017-10-27', 'TV-14', 'Episode', 'An ailing Will opens up to Joyce, with disturbing results. While Hopper searches for the truth, Eleven makes a surprising discovery.'),('C13', 'Chapter Five: Dig Dug', '2017-10-27', 'TV-14', 'Episode', 'Nancy and Jonathan exchange conspiracy theories with a new ally; Eleven searches for someone from her past; "Bob the Brain" tackles a difficult problem.'),('C14', 'Chapter Six: The Spy', '2017-10-27', 'TV-14', 'Episode', "Will's connection to a lurking evil grows stronger, but no one's quite sure how to stop it. Elsewhere, Dustin and Steve forge an unlikely bond."),('C15', 'Chapter Seven: The Lost Sister', '2017-10-27', 'TV-14', 'Episode', 'Eleven has psychic visions of when Terry attempted to rescue her from the lab, leading her to a group of violent outcasts and an angry girl with a dark past.'),('C16', 'Chapter Eight: The Mind Flayer', '2017-10-27', 'TV-14', 'Episode', 'An unlikely hero comes forward when a dangerous development puts the Hawkins Lab on lockdown, trapping Will and several others inside.'),('C17', 'Chapter Nine: The Gate', '2017-10-27', 'TV-14', 'Episode', "Eleven makes plans to finish what she started; the survivors turn up on the heat on the monstrous force that's holding Will hostage."),('C18', 'Chapter One: Suzie, Do You Copy?', '2019-07-04', 'TV-14', 'Episode', 'Summer brings new jobs and romance; while attempting to contact Suzie, Dustin picks up a Russian broadcast on his radio; Will senses that something is wrong.'),('C19', 'Chapter Two: The Mall Rats', '2019-07-04', 'TV-14', 'Episode', 'Nancy and Jonathan follow a lead, Steve and Robin sign on to a secret mission, and Max and Eleven go shopping; a rattled Billy has troubling visions.'),('C20', 'Chapter Three: The Case of the Missing Lifeguard', '2019-07-04', 'TV-14', 'Episode', 'El and Max search for Billy; Will insists on a day without girls; Steve and Dustin look for Russian spies; Joyce and Hopper go back to Hawkins Lab to see if there is any activity.'),('C21', 'Chapter Four: The Sauna Test', '2019-07-04', 'TV-14', 'Episode', 'A code red brings the gang back together to face a frighteningly familiar evil; Karen urges Nancy to keep digging, and Robin finds a useful map.'),('C22', 'Chapter Five: The Flayed', '2019-07-04', 'TV-14', 'Episode', 'Strange things lurk inside an old farmhouse; something is hidden deep beneath the Starcourt Mall; the Mind Flayer is gathering strength.'),('C23', 'Chapter Six: E Pluribus Unum', '2019-07-04', 'TV-14', 'Episode', 'Dr. Alexei reveals what the Russians have been doing; Eleven uses her ability to see where Billy has been; Dustin and Erica plan a daring rescue.'),('C24', 'Chapter Seven: The Bite', '2019-07-04', 'TV-14', 'Episode', "With time running out, and an assassin close behind, Hopper's crew races back to Hawkins, where El and the kids are preparing for war."),('C25', 'Chapter Eight: The Battle of Starcourt', '2019-07-04', 'TV-14', 'Episode', 'Terror breaks out in the food court when the Mind Flayer comes to collect El; deep beneath the mall, the future of the world is at stake.'),('C26', 'Chapter One: The Hellfire Club', '2022-05-27', 'TV-14', 'Episode', 'El is having trouble with bullying at school, Joyce opens a mysterious package which she is determined to decipher and a scrappy new player shakes up D&D night at the Hellfire Club.'),('C27', "Chapter Two: Vecna's Curse", '2022-05-27', 'TV-14', 'Episode', 'A plane brings Mike to California and a dead body brings Hawkins to a halt. Nancy goes looking for leads and a shaken Eddie tells the gang what he saw.'),('C28', 'Chapter Three: The Monster and the Superhero', '2022-05-27', 'TV-14', 'Episode', "Murray and Joyce fly to Alaska, and El faces serious consequences. Meanwhile, Robin and Nancy dig up dirt on Hawkins' demons and Dr. Owens delivers sobering news."),('C29', 'Chapter Four: Dear Billy', '2022-05-27', 'TV-14', 'Episode', 'Max is in grave danger and running out of time and a patient at Pennhurst asylum receives visitors for the firs time in years. Meanwhile, in Russia, Hopper is hard at work.'),('C30', 'Chapter Five: The Nina Project', '2022-05-27', 'TV-14', 'Episode', "Owen takes El to Nevada, where she's forced to confront her past. Meanwhile, the Hawkins kids comb through a crumbling house for clues and Vecna claims another teenage victim."),('C31', 'Chapter Six: The Dive', '2022-05-27', 'TV-14', 'Episode', 'Behind the Iron Curtain, a risky rescue mission gets underway. In America, the California crew seeks help from a hacker and Steve takes one for the team in Hawkins.'),('C32', 'Chapter Seven: The Massacre at Hawkins Lab', '2022-05-27', 'TV-14', 'Episode', "As Hopper braces to battle a monster, Dustin dissects Vecna's motives and decodes a message from beyond. Meanwhile, in the underground facility, El finds strength in a distant memory."),('C33', 'Chapter Eight: Papa', '2022-05-27', 'TV-14', 'Episode', 'Nancy has sobering visions, and El passes an important test. Meanwhile, back in Hawkins, the gang gathers supplies and prepares for battle.'),('C34', 'Chapter Nine: The Piggyback', '2022-05-27', 'TV-14', 'Episode', 'With selfless hearts and a clash of metal, heroes fight from every corner of the battlefield to save Hawkins and the world itself.'),('C35', 'Pilot', '2018-02-23', 'TV-MA', 'Episode', 'A hit-and-run incident leads to a cover-up by the police, and Detective KJ struggles to uncover the truth while dealing with the emotional fallout.'),('C36', 'What is and What Should Never Be', '2018-02-23', 'TV-MA', 'Episode', 'The investigation into the hit-and-run deepens as new evidence comes to light, and tensions rise between the police and the family of the victim.'),('C37', 'The Lady on the Roof', '2018-02-23', 'TV-MA', 'Episode', 'The investigation takes a dark turn as KJ begins to connect the dots between the crime and a deeper conspiracy.'),('C38', 'I Know You', '2018-02-23', 'TV-MA', 'Episode', 'As KJ digs deeper, the truth about the hit-and-run is revealed, but the search for justice proves more complicated than anyone imagined.'),('C39', 'Chasing the Dragon', '2018-02-23', 'TV-MA', 'Episode', "Detective KJ's personal life begins to unravel as she uncovers more disturbing details about the case. Meanwhile, the victim’s family continues to fight for justice."),('C40', 'The Devil You Know', '2018-02-23', 'TV-MA', 'Episode', 'As the investigation nears its conclusion, KJ’s life is thrown into turmoil as unexpected secrets about the case come to light.'),('C41', 'I Am Not a Monster', '2018-02-23', 'TV-MA', 'Episode', 'KJ grapples with the moral implications of the case, leading to a devastating confrontation that changes everything.'),('C42', 'You Don’t Know Me', '2018-02-23', 'TV-MA', 'Episode', 'The investigation comes to a head as KJ confronts the people responsible for the cover-up, leading to a shocking and emotional conclusion.'),('C43', 'Nothing in This World Is Easy', '2019-02-01', 'TV-MA', 'Episode', 'Nadia, a New York City game developer, dies repeatedly on her 36th birthday, only to wake up and relive the day. She tries to make sense of her bizarre situation.'),('C44', 'The Great Escape', '2019-02-01', 'TV-MA', 'Episode', 'Nadia meets Alan, another person trapped in a time loop, and together they try to figure out the reason behind their endless cycle of death.'),('C45', 'A Warm Body', '2019-02-01', 'TV-MA', 'Episode', 'Nadia continues to relive her birthday but begins to explore how her actions impact the world and the people around her.'),('C46', "Alan's Routine", '2019-02-01', 'TV-MA', 'Episode', 'Alan’s life outside the time loop is explored as he tries to make sense of the bizarre events that have started affecting him.'),('C47', 'Superiority Complex', '2019-02-01', 'TV-MA', 'Episode', 'As Nadia grows closer to Alan, they begin to challenge their understanding of life, death, and the forces that may be controlling their fate.'),('C48', 'Reflection', '2019-02-01', 'TV-MA', 'Episode', 'Nadia faces a confrontation with her past while trying to help Alan. The pair’s journey through their emotional turmoil takes a dangerous turn.'),('C49', 'The Way Out', '2019-02-01', 'TV-MA', 'Episode', 'Nadia and Alan confront their deepest fears as they try to break free from the loop, but they must each confront their personal demons in the process.'),('C50', 'This Is What It Feels Like', '2019-02-01', 'TV-MA', 'Episode', 'Nadia and Alan’s relationship reaches a turning point as they try to solve the mystery of their time loops, discovering profound truths about their lives.'),('C51', 'Steven Sees a Ghost', '2018-10-12', 'TV-MA', 'Episode', 'The Crane family reflects on their traumatic past, while the present-day events of a terrifying encounter with a ghost come to light.'),('C52', 'Open Casket', '2018-10-12', 'TV-MA', 'Episode', 'A funeral brings the family together, but old wounds surface as each member is forced to confront the ghosts of their past.'),('C53', 'Henry Thomas (The Haunting)', '2018-10-12', 'TV-MA', 'Episode', 'The family struggles to accept the loss of a loved one, as dark family secrets and unresolved tensions start to resurface.'),('C54', 'Town Hall Meeting', '2018-10-12', 'TV-MA', 'Episode', "As events unfold in the house, secrets continue to emerge about the history of the Hill House property and the family's connection to it."),('C55', 'The Vision', '2018-10-12', 'TV-MA', 'Episode', 'The house’s influence on the Crane children grows as they struggle to face their personal and shared trauma.'),('C56', 'The House Gets Weird', '2018-10-12', 'TV-MA', 'Episode', "Haunted memories lead to bizarre visions that further unravel the family's understanding of their place in Hill House."),('C57', 'The Graveyard', '2018-10-12', 'TV-MA', 'Episode', 'The line between the past and present begins to blur, as the ghosts of the family’s past return to haunt them.'),('C58', 'The Haunting of Hill House', '2018-10-12', 'TV-MA', 'Episode', 'The Cranes must confront their past, finding out more than they ever thought they would about the dark secrets of Hill House.'),('C59', 'The Bent-Neck Lady', '2018-10-12', 'TV-MA', 'Episode', 'As the Cranes face the horrors that haunt their past, the mystery of the Bent-Neck Lady is finally revealed.'),('C60', 'Silence Lay Steadily', '2018-10-12', 'TV-MA', 'Episode', 'The family gathers at Hill House one last time to face their greatest fears and find peace with their troubled past.'),('C61', 'Welcome to the Playground', '2021-11-06', 'TV-MA', 'Episode', 'Vi and Powder, two sisters, find themselves caught in a violent conflict between the wealthy city of Piltover and the undercity of Zaun, setting the stage for their fractured relationship.'),('C62', 'Some Mysteries Are Better Left Unsolved', '2021-11-06', 'TV-MA', 'Episode', 'Vi and Powder navigate the dangerous streets of Zaun, while tensions rise in Piltover, leading to a tragic event that alters the course of their lives.'),('C63', 'The Base of All Things', '2021-11-06', 'TV-MA', 'Episode', 'As chaos escalates, Vi and Powder struggle with their own identities, torn between loyalty and ambition, while powerful forces in Piltover make their move.'),('C64', 'Happy Progress Day', '2021-11-06', 'TV-MA', 'Episode', 'With both sides in disarray, new alliances are formed, and the sisters’ paths diverge further, leading to dangerous decisions that will impact the future of Zaun and Piltover.'),('C65', 'Everybody Wants to Be My Enemy', '2021-11-13', 'TV-MA', 'Episode', 'In Piltover, a new threat emerges as the tension between the elite and the oppressed reaches a boiling point, while the sisters face the consequences of their choices.'),('C66', 'When These Walls Come Tumbling Down', '2021-11-13', 'TV-MA', 'Episode', 'The conflict intensifies as both Piltover and Zaun prepare for war. Vi and Powder’s fractured bond faces its ultimate test.'),('C67', 'The Monster You Created', '2021-11-13', 'TV-MA', 'Episode', 'The battle between Piltover and Zaun escalates, and the dangerous consequences of ambition and power become impossible to ignore.'),('C68', 'The Firelights', '2021-11-13', 'TV-MA', 'Episode', 'As tensions in Piltover and Zaun boil over, the Firelights take action against the oppressive forces, while old wounds between the sisters are reopened, leading to devastating consequences.'),('C69', 'The Missing', '2019-05-10', 'TV-MA', 'Episode', 'A group of teenagers return from a school trip to find their town mysteriously deserted. They must figure out what happened and how to survive in this new, isolated world.'),('C70', 'What Happened', '2019-05-10', 'TV-MA', 'Episode', 'The teens struggle with the reality of their situation and begin to form new alliances. As they search for answers, power dynamics start to shift within the group.'),('C71', 'Our Town', '2019-05-10', 'TV-MA', 'Episode', 'With no adults around, the teens work to establish a new order and build a functioning society, but their personal conflicts threaten to undermine the community.'),('C72', 'The Twilight Zone', '2019-05-10', 'TV-MA', 'Episode', 'As the teenagers try to navigate their new reality, tensions rise, and they face challenges that push the limits of their leadership and survival skills.'),('C73', 'None of Us Are Free', '2019-05-10', 'TV-MA', 'Episode', 'The group’s fragile social structure is tested when food and resources become scarce. Some teens begin questioning the decisions of their leaders.'),('C74', 'If You Hear Me', '2019-05-10', 'TV-MA', 'Episode', 'The battle for control intensifies as the teens struggle with power dynamics and the psychological toll of being stranded in a new world. Secrets begin to unravel.'),('C75', 'Tales from the Darkside', '2019-05-10', 'TV-MA', 'Episode', 'As power shifts, old alliances break, and new ones form. The teens must grapple with moral dilemmas and the ethical consequences of their actions.'),('C76', 'Good News', '2019-05-10', 'TV-MA', 'Episode', 'As the group begins to fracture, individuals take matters into their own hands, leading to violent confrontations and a deeper mystery surrounding their town.'),('C77', 'Now Here You Know', '2019-05-10', 'TV-MA', 'Episode', 'The situation in the society reaches a boiling point. Old grudges, new discoveries, and desperate decisions make it clear that survival is no longer the only goal.'),('C78', 'What the Hell Is Going On?', '2019-05-10', 'TV-MA', 'Episode', 'The teens uncover shocking truths that change everything about the world they’re trapped in. Their quest for answers takes a dangerous turn.'),('C79', 'Pilot', '2019-09-27', 'TV-MA', 'Episode', 'Payton Hobart, a wealthy high school student with political ambitions, runs for student body president, facing competition from his peers and personal challenges.'),('C80', 'The Sex, The City, and The Samurai', '2019-09-27', 'TV-MA', 'Episode', 'Payton faces backlash over his campaign strategy while balancing his family’s expectations and the complex relationships in his life.'),('C81', 'The Ballad of the Lido', '2019-09-27', 'TV-MA', 'Episode', 'Payton’s campaign heats up as he uses his charm and wit to navigate the tricky political waters of high school, but complications arise when he’s forced to face his true self.'),('C82', 'The Invisible Woman', '2019-09-27', 'TV-MA', 'Episode', 'As the election approaches, Payton’s rivalry with his opponent, Astrid, grows more intense, while his personal life threatens to derail his plans.'),('C83', 'Election Night', '2019-09-27', 'TV-MA', 'Episode', 'Payton’s efforts to secure a win come to a head, and he must confront painful truths about himself, his family, and his ambition.'),('C84', 'The Other Woman', '2019-09-27', 'TV-MA', 'Episode', 'Payton deals with fallout from the election and begins to prepare for his future political career, but his past choices come back to haunt him.'),('C85', 'The Victory Party', '2019-09-27', 'TV-MA', 'Episode', 'Payton celebrates his victory, but the celebration is marred by personal revelations, and new challenges arise that may hinder his political rise.'),('C86', 'Take Me to Church', '2019-09-27', 'TV-MA', 'Episode', 'Payton’s journey takes an unexpected turn as he deals with the aftermath of the election, facing new alliances and betrayals that test his ideals and determination.'),('C87', 'New York State of Mind', '2020-06-19', 'TV-MA', 'Episode', 'Payton Hobart, now a freshman at NYU, runs for a state senate seat in New York. His political ambitions are tested as he faces tough competition, a complicated love life, and his own insecurities.'),('C88', 'The Lemonade Stand', '2020-06-19', 'TV-MA', 'Episode', 'Payton navigates the complexities of his Senate race, dealing with family dynamics and the pressure of the political world. He also forms unexpected alliances.'),('C89', 'The Doorman', '2020-06-19', 'TV-MA', 'Episode', "Payton's political maneuvering intensifies as he faces moral and ethical dilemmas. He has to choose between personal desires and the larger goals of his campaign."),('C90', 'The Grown Man', '2020-06-19', 'TV-MA', 'Episode', 'Payton confronts his own fears and the consequences of his past decisions as his Senate race becomes even more heated.'),('C91', 'The Last Day', '2020-06-19', 'TV-MA', 'Episode', 'Payton’s campaign takes a dramatic turn as long-buried secrets are revealed. He must make pivotal choices that could shape his future in politics.'),('C92', 'The White Whale', '2020-06-19', 'TV-MA', 'Episode', 'Payton’s resolve is tested when he faces unexpected challenges, while his team grapples with internal conflicts that threaten the unity of his campaign.'),('C93', 'The Price of Power', '2020-06-19', 'TV-MA', 'Episode', 'Payton faces a moral crossroads as he weighs the price of ambition against his personal relationships, and his political future hangs in the balance.'),('C94', "The Politician's Goodbye", '2020-06-19', 'TV-MA', 'Episode', 'In the season finale, Payton’s race for the Senate comes to a dramatic conclusion, and he must come to terms with the man he’s become, as the impact of his choices becomes clear.'),('C95', 'Episode 1', '2017-10-24', 'TV-MA', 'Episode', 'James, a self-proclaimed psychopath, and Alyssa, an angsty teenager, embark on a road trip together, each with their own troubled past and motivations.'),('C96', 'Episode 2', '2017-10-24', 'TV-MA', 'Episode', "James and Alyssa's journey continues as they head into unfamiliar territory, and their complicated relationship begins to evolve."),('C97', 'Episode 3', '2017-10-24', 'TV-MA', 'Episode', 'The pair get deeper into their journey, confronting new obstacles, and James starts to question his own feelings and desires.'),('C98', 'Episode 4', '2017-10-24', 'TV-MA', 'Episode', 'Alyssa and James find themselves in increasingly dangerous situations. Tensions rise as they get closer to their destination.'),('C99', 'Episode 5', '2017-10-24', 'TV-MA', 'Episode', 'As they experience more highs and lows on their trip, their bond grows stronger, but so do the risks and the consequences of their actions.'),('C100', 'Episode 6', '2017-10-24', 'TV-MA', 'Episode', 'James’ past begins to haunt him, and his relationship with Alyssa becomes even more complex as they approach the climax of their journey.'),('C101', 'Episode 7', '2017-10-24', 'TV-MA', 'Episode', 'The stakes are higher than ever, and the pair must face their fears and make difficult decisions. The story takes a dark turn.'),('C102', 'Episode 8', '2017-10-24', 'TV-MA', 'Episode', 'In the final episode, the consequences of their actions come to a head, and James and Alyssa must face the truth about themselves and each other.'),('C103', 'Episode 1', '2019-11-05', 'TV-MA', 'Episode', 'After the events of Season 1, James and Alyssa are each trying to move on in different ways, but their pasts continue to haunt them.'),('C104', 'Episode 2', '2019-11-05', 'TV-MA', 'Episode', 'Alyssa struggles with the aftermath of what happened, while James tries to make sense of his role in their tragic story.'),('C105', 'Episode 3', '2019-11-05', 'TV-MA', 'Episode', 'James and Alyssa are forced to deal with their emotional baggage as they try to find closure in a world that has shifted around them.'),('C106', 'Episode 4', '2019-11-05', 'TV-MA', 'Episode', 'Alyssa’s complicated relationships with her family and James are put to the test as she begins to open up about her past.'),('C107', 'Episode 5', '2019-11-05', 'TV-MA', 'Episode', 'Tensions rise between Alyssa and James as the consequences of their actions from the previous season begin to catch up with them.'),('C108', 'Episode 6', '2019-11-05', 'TV-MA', 'Episode', 'James struggles to come to terms with his past while Alyssa faces a pivotal moment in her life that forces her to confront her emotions.'),('C109', 'Episode 7', '2019-11-05', 'TV-MA', 'Episode', 'In the penultimate episode, secrets come to light and past traumas come back to haunt the characters as their journey reaches a turning point.'),('C110', 'Episode 8', '2019-11-05', 'TV-MA', 'Episode', 'In the final episode, Alyssa and James must face the consequences of their actions, leading to an emotional and surprising conclusion.'),('C111', 'Red Light, Green Light', '2021-09-17', 'TV-MA', 'Episode', 'Hundreds of financially desperate contestants participate in a mysterious survival game, with deadly consequences. Gi-hun, a down-on-his-luck man, joins in to change his life.'),('C112', 'Hell', '2021-09-17', 'TV-MA', 'Episode', 'The players are introduced to the terrifying reality of the game. They must complete deadly childhood games to survive, with harsh punishments for failure.'),('C113', 'The Man with the Umbrella', '2021-09-17', 'TV-MA', 'Episode', 'As players face brutal challenges, Gi-hun starts to form alliances with other contestants, but the stakes become increasingly high.'),('C114', 'Stick to the Team', '2021-09-17', 'TV-MA', 'Episode', 'Gi-hun and his allies try to figure out how to survive, and they face a new challenge that tests their mental and physical limits.'),('C115', 'A Fair World', '2021-09-17', 'TV-MA', 'Episode', "The contestants are forced to confront their own moralities as the competition gets more intense. Some begin to question the game's fairness."),('C116', 'Gganbu', '2021-09-17', 'TV-MA', 'Episode', 'The players face a shocking new game that involves trust and betrayal. Tensions rise as alliances are tested, and players are forced to make impossible choices.'),('C117', 'VIPS', '2021-09-17', 'TV-MA', 'Episode', 'The game reaches new extremes as powerful VIPs watch the contestants. Gi-hun struggles with his moral compass as he sees the consequences of his decisions.'),('C118', 'Front Man', '2021-09-17', 'TV-MA', 'Episode', 'In the penultimate episode, Gi-hun fights for survival in a life-or-death game against impossible odds. The true nature of the game is revealed.'),('C119', 'One Lucky Day', '2021-09-17', 'TV-MA', 'Episode', "In the season finale, the survivors face a final game that will decide who will live and who will die. The brutal truth of the game's origin comes to light."),('C120', 'Episode 1', '2019-09-13', 'TV-MA', 'Episode', 'Marie Adler reports being raped, but after questioning, inconsistencies lead to her being charged with false reporting.'),('C121', 'Episode 2', '2019-09-13', 'TV-MA', 'Episode', 'The investigation into Marie’s case continues to fall apart as Detective Rasmussen starts looking into a series of other unsolved rape cases.'),('C122', 'Episode 3', '2019-09-13', 'TV-MA', 'Episode', 'Detective Rasmussen and her partner, Detective Karen Duvall, begin connecting Marie’s case to a series of similar assaults.'),('C123', 'Episode 4', '2019-09-13', 'TV-MA', 'Episode', 'The detectives piece together more clues, and Marie’s past and trauma are explored in depth as they look for a break in the case.'),('C124', 'Episode 5', '2019-09-13', 'TV-MA', 'Episode', 'Marie’s struggle to cope with her trauma intensifies as the detectives work to find the serial rapist who could clear her name.'),('C125', 'Episode 6', '2019-09-13', 'TV-MA', 'Episode', 'The investigation reaches a tipping point when Rasmussen and Duvall get closer to identifying the rapist while Marie continues to seek justice.'),('C126', 'Episode 7', '2019-09-13', 'TV-MA', 'Episode', 'With the case nearing its conclusion, Marie comes face to face with the reality of the investigation and what it means for her future.'),('C127', 'Episode 8', '2019-09-13', 'TV-MA', 'Episode', 'The detectives close in on the perpetrator, and Marie’s story finally gets the recognition it deserves, leading to a poignant resolution.'),('C128', 'We Can Be Heroes', '2021-01-01', 'TV-G', 'Film', 'A group of kids bands together to save their superhero parents when aliens invade Earth.'),('C129', 'Enola Holmes', '2020-09-23', 'PG-13', 'Film', 'The teenage sister of Sherlock Holmes embarks on a quest to find her missing mother, using her intelligence.'),('C130', 'Red Notice', '2021-11-12', 'PG-13', 'Film', 'An FBI profiler partners with a renowned art thief to catch an elusive criminal in this action-comedy heist film.'),('C131', 'The Irishman', '2019-11-01', 'R', 'Film', 'A mob hitman reflects on his life and the events that led to the disappearance of Jimmy Hoffa.'),('C132', 'Marriage Story', '2019-11-06', 'R', 'Film', 'A heartfelt look at a couple going through a painful divorce and its effects on their family.'),('C133', 'Roma', '2018-12-14', 'R', 'Film', "A poignant portrayal of a domestic worker's life in Mexico City during the early 1970s."),('C134', 'Dolemite Is My Name', '2019-10-25', 'R', 'Film', 'The true story of comedian Rudy Ray Moore, who creates the iconic character Dolemite.'),('C135', 'Extraction', '2020-04-24', 'R', 'Film', 'A mercenary is hired to rescue the kidnapped son of an international crime lord in this high-octane action thriller.'),('C136', 'Bird Box', '2018-12-21', 'R', 'Film', 'In a post-apocalyptic world, a mother and her children navigate a treacherous river blindfolded to avoid supernatural entities.'),('C137', 'The Trial of the Chicago 7', '2020-10-16', 'PG-13', 'Film', 'A dramatization of the trial of seven defendants charged with conspiracy during the 1968 Democratic National Convention.');

INSERT INTO ACTOR (Actor_ID, First_Name, Last_Name) VALUES ('A1', 'Winona', 'Ryder'),('A2', 'David', 'Harvour'),('A3', 'Finn', 'Wolfhard'),('A4', 'Mille', 'Bobby Brown'),('A5', 'Gaten', 'Matarazzo'),('A6', 'Caleb', 'McLaughlin'),('A7', 'Natalia', 'Dyer'),('A8', 'Charlie', 'Heaton'),('A9', 'Cara', 'Buono'),('A10', 'Matthew', 'Modine'),('A15', 'Clare-Hope', 'Ashitey'),('A16', 'Benito', 'Martinez'),('A17', 'Michael', 'Mosley'),('A18', 'Kelly', 'Jenrette'),('A19', 'Natasha', 'Lyonne'),('A20', 'Charlie', 'Barnett'),('A21', 'Greta', 'Lee'),('A22', 'Yul', 'Vazquez'),('A23', 'Victoria', 'Pedretti'),('A24', 'Mckenna', 'Grace'),('A25', 'Oliver', 'Jackson-Cohen'),('A26', 'Carla', 'Gugino'),('A27', 'Michiel', 'Huisman'),('A28', 'Hailee', 'Steinfeld'),('A29', 'Ella', 'Purnell'),('A30', 'Kevin', 'Alejandro'),('A31', 'Jason', 'Spisak'),('A32', 'Toks', 'Olagundoye'),('A33', 'Kathryn', 'Newton'),('A34', 'Jack', 'Mulhern'),('A35', 'Rachel', 'Keller'),('A36', 'Alex', 'Fitzalan'),('A37', 'Gideon', 'Adlon'),('A38', 'Ben', 'Platt'),('A39', 'Gwyneth', 'Paltrow'),('A40', 'Jessica', 'Lange'),('A41', 'Zoey', 'Deutch'),('A42', 'Lucy', 'Boynton'),('A43', 'Alex', 'Lawther'),('A44', 'Jessica', 'Barden'),('A45', 'Steve', 'Oram'),('A46', 'Wunmi', 'Mosaku'),('A47', 'Christine', 'Bottomley'),('A48', 'Lee', 'Jung-jae'),('A49', 'Park', 'Hae-soo'),('A50', 'Jung', 'Ho-yeon'),('A51', 'O', 'Yeong-su'),('A52', 'Wi', 'Ha-joon'),('A53', 'Kaitlyn', 'Dever'),('A54', 'Toni', 'Collette'),('A55', 'Merritt', 'Wever'),('A56', 'Billie', 'Lourd'),('A57', 'Brandon', 'Flynn'),('A58', 'Pedro', 'Pascal'),('A59', 'Priyanka', 'Chopra'),('A60', 'YaYa', 'Gosselin'),('A61', 'Millie', 'Bobby Brown'),('A62', 'Henry', 'Cavill'),('A63', 'Sam', 'Claflin'),('A64', 'Dwayne', 'Johnson'),('A65', 'Ryan', 'Reynolds'),('A66', 'Gal', 'Gadot'),('A67', 'Robert', 'De Niro'),('A68', 'Al', 'Pacino'),('A69', 'Joe', 'Pesci'),('A70', 'Scarlett', 'Johansson'),('A71', 'Adam', 'Driver'),('A72', 'Yalitza', 'Aparicio'),('A73', 'Marina', 'de Tavira'),('A74', 'Eddie', 'Murphy'),('A75', 'Wesley', 'Snipes'),('A76', 'Keegan-Michael', 'Key'),('A77', 'Chris', 'Hemsworth'),('A78', 'David', 'Harbour'),('A79', 'Golshifteh', 'Farahani'),('A80', 'Sandra', 'Bullock'),('A81', 'Trevante', 'Rhodes'),('A82', 'John', 'Malkovich'),('A83', 'Eddie', 'Redmayne'),('A84', 'Sacha', 'Baron Cohen'),('A85', 'Joseph', 'Gordon-Levitt');

INSERT INTO SERIES (Series_ID, Name) VALUES ('SID 1', 'Stranger Things'),('SID 2', ' Seven Seconds '),('SID 3', 'Russian Doll'),('SID 4', 'The Haunting of Hill House'),('SID 5', 'Arcane'),('SID 6', 'The Society'),('SID 7', 'The Politician'),('SID 8', 'The End of the F*ing World**'),('SID 9', 'Squid Game'),('SID 10', 'Unbelievable ');

INSERT INTO SEASON (Series_ID, SeasonNo) VALUES ('SID 1', 1),('SID 1', 2),('SID 1', 3),('SID 1', 4),('SID 2', 1),('SID 3', 1),('SID 4', 1),('SID 5', 1),('SID 6', 1),('SID 7', 1),('SID 7', 2),('SID 8', 1),('SID 8', 2),('SID 9', 1),('SID 10', 1);

INSERT INTO FILM (F_Content_ID, Run_Time) VALUES ('C35', '01:40:00'),('C36', '02:03:00'),('C37', '01:58:00'),('C38', '03:29:00'),('C39', '02:17:00'),('C40', '02:15:00'),('C41', '01:58:00'),('C42', '01:57:00'),('C43', '02:04:00'),('C44', '02:10:00');

INSERT INTO CONTENT_ACTOR (Content_ID, Actor_ID) VALUES ('C1', 'A1'),('C1', 'A2'),('C1', 'A3'),('C1', 'A4'),('C1', 'A5'),('C1', 'A6'),('C1', 'A7'),('C1', 'A8'),('C1', 'A9'),('C1', 'A10'),('C2', 'A1'),('C2', 'A2'),('C2', 'A3'),('C2', 'A4'),('C2', 'A5'),('C2', 'A6'),('C2', 'A7'),('C2', 'A8'),('C2', 'A9'),('C2', 'A10'),('C3', 'A1'),('C3', 'A2'),('C3', 'A3'),('C3', 'A4'),('C3', 'A5'),('C3', 'A6'),('C3', 'A7'),('C3', 'A8'),('C3', 'A9'),('C3', 'A10'),('C4', 'A1'),('C4', 'A2'),('C4', 'A3'),('C4', 'A4'),('C4', 'A5'),('C4', 'A6'),('C4', 'A7'),('C4', 'A8'),('C4', 'A9'),('C4', 'A10'),('C5', 'A1'),('C5', 'A2'),('C5', 'A3'),('C5', 'A4'),('C5', 'A5'),('C5', 'A6'),('C5', 'A7'),('C5', 'A8'),('C5', 'A9'),('C5', 'A10'),('C6', 'A1'),('C6', 'A2'),('C6', 'A3'),('C6', 'A4'),('C6', 'A5'),('C6', 'A6'),('C6', 'A7'),('C6', 'A8'),('C6', 'A9'),('C6', 'A10'),('C7', 'A1'),('C7', 'A2'),('C7', 'A3'),('C7', 'A4'),('C7', 'A5'),('C7', 'A6'),('C7', 'A7'),('C7', 'A8'),('C7', 'A9'),('C7', 'A10'),('C8', 'A1'),('C8', 'A2'),('C8', 'A3'),('C8', 'A4'),('C8', 'A5'),('C8', 'A6'),('C8', 'A7'),('C8', 'A8'),('C8', 'A9'),('C8', 'A10'),('C9', 'A1'),('C9', 'A2'),('C9', 'A3'),('C9', 'A4'),('C9', 'A5'),('C9', 'A6'),('C9', 'A7'),('C9', 'A8'),('C9', 'A9'),('C9', 'A10'),('C10', 'A1'),('C10', 'A2'),('C10', 'A3'),('C10', 'A4'),('C10', 'A5'),('C10', 'A6'),('C10', 'A7'),('C10', 'A8'),('C10', 'A9'),('C10', 'A10'),('C11', 'A1'),('C11', 'A2'),('C11', 'A3'),('C11', 'A4'),('C11', 'A5'),('C11', 'A6'),('C11', 'A7'),('C11', 'A8'),('C11', 'A9'),('C11', 'A10'),('C12', 'A1'),('C12', 'A2'),('C12', 'A3'),('C12', 'A4'),('C12', 'A5'),('C12', 'A6'),('C12', 'A7'),('C12', 'A8'),('C12', 'A9'),('C12', 'A10'),('C13', 'A1'),('C13', 'A2'),('C13', 'A3'),('C13', 'A4'),('C13', 'A5'),('C13', 'A6'),('C13', 'A7'),('C13', 'A8'),('C13', 'A9'),('C13', 'A10'),('C14', 'A1'),('C14', 'A2'),('C14', 'A3'),('C14', 'A4'),('C14', 'A5'),('C14', 'A6'),('C14', 'A7'),('C14', 'A8'),('C14', 'A9'),('C14', 'A10'),('C15', 'A1'),('C15', 'A2'),('C15', 'A3'),('C15', 'A4'),('C15', 'A5'),('C15', 'A6'),('C15', 'A7'),('C15', 'A8'),('C15', 'A9'),('C15', 'A10'),('C16', 'A1'),('C16', 'A2'),('C16', 'A3'),('C16', 'A4'),('C16', 'A5'),('C16', 'A6'),('C16', 'A7'),('C16', 'A8'),('C16', 'A9'),('C16', 'A10'),('C17', 'A1'),('C17', 'A2'),('C17', 'A3'),('C17', 'A4'),('C17', 'A5'),('C17', 'A6'),('C17', 'A7'),('C17', 'A8'),('C17', 'A9'),('C17', 'A10'),('C18', 'A1'),('C18', 'A2'),('C18', 'A3'),('C18', 'A4'),('C18', 'A5'),('C18', 'A6'),('C18', 'A7'),('C18', 'A8'),('C18', 'A9'),('C18', 'A10'),('C19', 'A1'),('C19', 'A2'),('C19', 'A3'),('C19', 'A4'),('C19', 'A5'),('C19', 'A6'),('C19', 'A7'),('C19', 'A8'),('C19', 'A9'),('C19', 'A10'),('C20', 'A1'),('C20', 'A2'),('C20', 'A3'),('C20', 'A4'),('C20', 'A5'),('C20', 'A6'),('C20', 'A7'),('C20', 'A8'),('C20', 'A9'),('C20', 'A10'),('C21', 'A1'),('C21', 'A2'),('C21', 'A3'),('C21', 'A4'),('C21', 'A5'),('C21', 'A6'),('C21', 'A7'),('C21', 'A8'),('C21', 'A9'),('C21', 'A10'),('C22', 'A1'),('C22', 'A2'),('C22', 'A3'),('C22', 'A4'),('C22', 'A5'),('C22', 'A6'),('C22', 'A7'),('C22', 'A8'),('C22', 'A9'),('C22', 'A10'),('C23', 'A1'),('C23', 'A2'),('C23', 'A3'),('C23', 'A4'),('C23', 'A5'),('C23', 'A6'),('C23', 'A7'),('C23', 'A8'),('C23', 'A9'),('C23', 'A10'),('C24', 'A1'),('C24', 'A2'),('C24', 'A3'),('C24', 'A4'),('C24', 'A5'),('C24', 'A6'),('C24', 'A7'),('C24', 'A8'),('C24', 'A9'),('C24', 'A10'),('C25', 'A1'),('C25', 'A2'),('C25', 'A3'),('C25', 'A4'),('C25', 'A5'),('C25', 'A6'),('C25', 'A7'),('C25', 'A8'),('C25', 'A9'),('C25', 'A10'),('C26', 'A1'),('C26', 'A2'),('C26', 'A3'),('C26', 'A4'),('C26', 'A5'),('C26', 'A6'),('C26', 'A7'),('C26', 'A8'),('C26', 'A9'),('C26', 'A10'),('C27', 'A1'),('C27', 'A2'),('C27', 'A3'),('C27', 'A4'),('C27', 'A5'),('C27', 'A6'),('C27', 'A7'),('C27', 'A8'),('C27', 'A9'),('C27', 'A10'),('C28', 'A1'),('C28', 'A2'),('C28', 'A3'),('C28', 'A4'),('C28', 'A5'),('C28', 'A6'),('C28', 'A7'),('C28', 'A8'),('C28', 'A9'),('C28', 'A10'),('C29', 'A1'),('C29', 'A2'),('C29', 'A3'),('C29', 'A4'),('C29', 'A5'),('C29', 'A6'),('C29', 'A7'),('C29', 'A8'),('C29', 'A9'),('C29', 'A10'),('C30', 'A1'),('C30', 'A2'),('C30', 'A3'),('C30', 'A4'),('C30', 'A5'),('C30', 'A6'),('C30', 'A7'),('C30', 'A8'),('C30', 'A9'),('C30', 'A10'),('C31', 'A1'),('C31', 'A2'),('C31', 'A3'),('C31', 'A4'),('C31', 'A5'),('C31', 'A6'),('C31', 'A7'),('C31', 'A8'),('C31', 'A9'),('C31', 'A10'),('C32', 'A1'),('C32', 'A2'),('C32', 'A3'),('C32', 'A4'),('C32', 'A5'),('C32', 'A6'),('C32', 'A7'),('C32', 'A8'),('C32', 'A9'),('C32', 'A10'),('C33', 'A1'),('C33', 'A2'),('C33', 'A3'),('C33', 'A4'),('C33', 'A5'),('C33', 'A6'),('C33', 'A7'),('C33', 'A8'),('C33', 'A9'),('C33', 'A10'),('C34', 'A1'),('C34', 'A2'),('C34', 'A3'),('C34', 'A4'),('C34', 'A5'),('C34', 'A6'),('C34', 'A7'),('C34', 'A8'),('C34', 'A9'),('C34', 'A10'),('C35', 'A15'),('C35', 'A16'),('C35', 'A17'),('C35', 'A18'),('C36', 'A15'),('C36', 'A16'),('C36', 'A17'),('C36', 'A18'),('C37', 'A15'),('C37', 'A16'),('C37', 'A17'),('C37', 'A18'),('C38', 'A15'),('C38', 'A16'),('C38', 'A17'),('C38', 'A18'),('C39', 'A15'),('C39', 'A16'),('C39', 'A17'),('C39', 'A18'),('C40', 'A15'),('C40', 'A16'),('C40', 'A17'),('C40', 'A18'),('C41', 'A15'),('C41', 'A16'),('C41', 'A17'),('C41', 'A18'),('C42', 'A15'),('C42', 'A16'),('C42', 'A17'),('C42', 'A18'),('C43', 'A19'),('C43', 'A20'),('C43', 'A21'),('C43', 'A22'),('C44', 'A19'),('C44', 'A20'),('C44', 'A21'),('C44', 'A22'),('C45', 'A19'),('C45', 'A20'),('C45', 'A21'),('C45', 'A22'),('C46', 'A19'),('C46', 'A20'),('C46', 'A21'),('C46', 'A22'),('C47', 'A19'),('C47', 'A20'),('C47', 'A21'),('C47', 'A22'),('C48', 'A19'),('C48', 'A20'),('C48', 'A21'),('C48', 'A22'),('C49', 'A19'),('C49', 'A20'),('C49', 'A21'),('C49', 'A22'),('C50', 'A19'),('C50', 'A20'),('C50', 'A21'),('C50', 'A22'),('C51', 'A23'),('C51', 'A24'),('C51', 'A25'),('C51', 'A26'),('C51', 'A27'),('C52', 'A23'),('C52', 'A24'),('C52', 'A25'),('C52', 'A26'),('C52', 'A27'),('C53', 'A23'),('C53', 'A24'),('C53', 'A25'),('C53', 'A26'),('C53', 'A27'),('C54', 'A23'),('C54', 'A24'),('C54', 'A25'),('C54', 'A26'),('C54', 'A27'),('C55', 'A23'),('C55', 'A24'),('C55', 'A25'),('C55', 'A26'),('C55', 'A27'),('C56', 'A23'),('C56', 'A24'),('C56', 'A25'),('C56', 'A26'),('C56', 'A27'),('C57', 'A23'),('C57', 'A24'),('C57', 'A25'),('C57', 'A26'),('C57', 'A27'),('C58', 'A23'),('C58', 'A24'),('C58', 'A25'),('C58', 'A26'),('C58', 'A27'),('C59', 'A23'),('C59', 'A24'),('C59', 'A25'),('C59', 'A26'),('C59', 'A27'),('C60', 'A23'),('C60', 'A24'),('C60', 'A25'),('C60', 'A26'),('C60', 'A27'),('C61', 'A28'),('C61', 'A29'),('C61', 'A30'),('C61', 'A31'),('C61', 'A32'),('C62', 'A28'),('C62', 'A29'),('C62', 'A30'),('C62', 'A31'),('C62', 'A32'),('C63', 'A28'),('C63', 'A29'),('C63', 'A30'),('C63', 'A31'),('C63', 'A32'),('C64', 'A28'),('C64', 'A29'),('C64', 'A30'),('C64', 'A31'),('C64', 'A32'),('C65', 'A28'),('C65', 'A29'),('C65', 'A30'),('C65', 'A31'),('C65', 'A32'),('C66', 'A28'),('C66', 'A29'),('C66', 'A30'),('C66', 'A31'),('C66', 'A32'),('C67', 'A28'),('C67', 'A29'),('C67', 'A30'),('C67', 'A31'),('C67', 'A32'),('C68', 'A28'),('C68', 'A29'),('C68', 'A30'),('C68', 'A31'),('C68', 'A32'),('C69', 'A33'),('C69', 'A34'),('C69', 'A35'),('C69', 'A36'),('C69', 'A37'),('C70', 'A33'),('C70', 'A34'),('C70', 'A35'),('C70', 'A36'),('C70', 'A37'),('C71', 'A33'),('C71', 'A34'),('C71', 'A35'),('C71', 'A36'),('C71', 'A37'),('C72', 'A33'),('C72', 'A34'),('C72', 'A35'),('C72', 'A36'),('C72', 'A37'),('C73', 'A33'),('C73', 'A34'),('C73', 'A35'),('C73', 'A36'),('C73', 'A37'),('C74', 'A33'),('C74', 'A34'),('C74', 'A35'),('C74', 'A36'),('C74', 'A37'),('C75', 'A33'),('C75', 'A34'),('C75', 'A35'),('C75', 'A36'),('C75', 'A37'),('C76', 'A33'),('C76', 'A34'),('C76', 'A35'),('C76', 'A36'),('C76', 'A37'),('C77', 'A33'),('C77', 'A34'),('C77', 'A35'),('C77', 'A36'),('C77', 'A37'),('C78', 'A33'),('C78', 'A34'),('C78', 'A35'),('C78', 'A36'),('C78', 'A37'),('C79', 'A38'),('C79', 'A39'),('C79', 'A40'),('C79', 'A41'),('C79', 'A42'),('C80', 'A38'),('C80', 'A39'),('C80', 'A40'),('C80', 'A41'),('C80', 'A42'),('C81', 'A38'),('C81', 'A39'),('C81', 'A40'),('C81', 'A41'),('C81', 'A42'),('C82', 'A38'),('C82', 'A39'),('C82', 'A40'),('C82', 'A41'),('C82', 'A42'),('C83', 'A38'),('C83', 'A39'),('C83', 'A40'),('C83', 'A41'),('C83', 'A42'),('C84', 'A38'),('C84', 'A39'),('C84', 'A40'),('C84', 'A41'),('C84', 'A42'),('C85', 'A38'),('C85', 'A39'),('C85', 'A40'),('C85', 'A41'),('C85', 'A42'),('C86', 'A38'),('C86', 'A39'),('C86', 'A40'),('C86', 'A41'),('C86', 'A42'),('C87', 'A38'),('C87', 'A39'),('C87', 'A40'),('C87', 'A41'),('C87', 'A42'),('C88', 'A38'),('C88', 'A39'),('C88', 'A40'),('C88', 'A41'),('C88', 'A42'),('C89', 'A38'),('C89', 'A39'),('C89', 'A40'),('C89', 'A41'),('C89', 'A42'),('C90', 'A38'),('C90', 'A39'),('C90', 'A40'),('C90', 'A41'),('C90', 'A42'),('C91', 'A38'),('C91', 'A39'),('C91', 'A40'),('C91', 'A41'),('C91', 'A42'),('C92', 'A38'),('C92', 'A39'),('C92', 'A40'),('C92', 'A41'),('C92', 'A42'),('C93', 'A38'),('C93', 'A39'),('C93', 'A40'),('C93', 'A41'),('C93', 'A42'),('C94', 'A43'),('C94', 'A44'),('C94', 'A45'),('C94', 'A46'),('C94', 'A47'),('C95', 'A43'),('C95', 'A44'),('C95', 'A45'),('C95', 'A46'),('C95', 'A47'),('C96', 'A43'),('C96', 'A44'),('C96', 'A45'),('C96', 'A46'),('C96', 'A47'),('C97', 'A43'),('C97', 'A44'),('C97', 'A45'),('C97', 'A46'),('C97', 'A47'),('C98', 'A43'),('C98', 'A44'),('C98', 'A45'),('C98', 'A46'),('C98', 'A47'),('C99', 'A43'),('C99', 'A44'),('C99', 'A45'),('C99', 'A46'),('C99', 'A47'),('C100', 'A43'),('C100', 'A44'),('C100', 'A45'),('C100', 'A46'),('C100', 'A47'),('C101', 'A43'),('C101', 'A44'),('C101', 'A45'),('C101', 'A46'),('C101', 'A47'),('C102', 'A43'),('C102', 'A44'),('C102', 'A45'),('C102', 'A46'),('C102', 'A47'),('C103', 'A43'),('C103', 'A44'),('C103', 'A45'),('C103', 'A46'),('C103', 'A47'),('C104', 'A43'),('C104', 'A44'),('C104', 'A45'),('C104', 'A46'),('C104', 'A47'),('C105', 'A43'),('C105', 'A44'),('C105', 'A45'),('C105', 'A46'),('C105', 'A47'),('C106', 'A43'),('C106', 'A44'),('C106', 'A45'),('C106', 'A46'),('C106', 'A47'),('C107', 'A43'),('C107', 'A44'),('C107', 'A45'),('C107', 'A46'),('C107', 'A47'),('C108', 'A43'),('C108', 'A44'),('C108', 'A45'),('C108', 'A46'),('C108', 'A47'),('C109', 'A43'),('C109', 'A44'),('C109', 'A45'),('C109', 'A46'),('C109', 'A47'),('C110', 'A43'),('C110', 'A44'),('C110', 'A45'),('C110', 'A46'),('C110', 'A47'),('C111', 'A48'),('C111', 'A49'),('C111', 'A50'),('C111', 'A51'),('C111', 'A52'),('C112', 'A48'),('C112', 'A49'),('C112', 'A50'),('C112', 'A51'),('C112', 'A52'),('C113', 'A48'),('C113', 'A49'),('C113', 'A50'),('C113', 'A51'),('C113', 'A52'),('C114', 'A48'),('C114', 'A49'),('C114', 'A50'),('C114', 'A51'),('C114', 'A52'),('C115', 'A48'),('C115', 'A49'),('C115', 'A50'),('C115', 'A51'),('C115', 'A52'),('C116', 'A48'),('C116', 'A49'),('C116', 'A50'),('C116', 'A51'),('C116', 'A52'),('C117', 'A48'),('C117', 'A49'),('C117', 'A50'),('C117', 'A51'),('C117', 'A52'),('C118', 'A48'),('C118', 'A49'),('C118', 'A50'),('C118', 'A51'),('C118', 'A52'),('C119', 'A48'),('C119', 'A49'),('C119', 'A50'),('C119', 'A51'),('C119', 'A52'),('C120', 'A53'),('C120', 'A54'),('C120', 'A55'),('C120', 'A56'),('C120', 'A57'),('C121', 'A53'),('C121', 'A54'),('C121', 'A55'),('C121', 'A56'),('C121', 'A57'),('C122', 'A53'),('C122', 'A54'),('C122', 'A55'),('C122', 'A56'),('C122', 'A57'),('C123', 'A53'),('C123', 'A54'),('C123', 'A55'),('C123', 'A56'),('C123', 'A57'),('C124', 'A53'),('C124', 'A54'),('C124', 'A55'),('C124', 'A56'),('C124', 'A57'),('C125', 'A53'),('C125', 'A54'),('C125', 'A55'),('C125', 'A56'),('C125', 'A57'),('C126', 'A53'),('C126', 'A54'),('C126', 'A55'),('C126', 'A56'),('C126', 'A57'),('C127', 'A53'),('C127', 'A54'),('C127', 'A55'),('C127', 'A56'),('C127', 'A57'),('C128', 'A58'),('C128', 'A59'),('C128', 'A60'),('C129', 'A61'),('C129', 'A62'),('C129', 'A63'),('C130', 'A64'),('C130', 'A65'),('C130', 'A66'),('C131', 'A67'),('C131', 'A68'),('C131', 'A69'),('C132', 'A70'),('C132', 'A71'),('C133', 'A72'),('C133', 'A73'),('C134', 'A74'),('C134', 'A75'),('C134', 'A76'),('C135', 'A77'),('C135', 'A78'),('C135', 'A79'),('C136', 'A80'),('C136', 'A81'),('C136', 'A82'),('C137', 'A83'),('C137', 'A84'),('C137', 'A85');

INSERT INTO CONTENT_CREATOR (Content_ID, Creator_Name) VALUES ('C1', 'The Duffer Brothers'),('C2', 'The Duffer Brothers'),('C3', 'The Duffer Brothers'),('C4', 'The Duffer Brothers'),('C5', 'The Duffer Brothers'),('C6', 'The Duffer Brothers'),('C7', 'The Duffer Brothers'),('C8', 'The Duffer Brothers'),('C9', 'The Duffer Brothers'),('C10', 'The Duffer Brothers'),('C11', 'The Duffer Brothers'),('C12', 'The Duffer Brothers'),('C13', 'The Duffer Brothers'),('C14', 'The Duffer Brothers'),('C15', 'The Duffer Brothers'),('C16', 'The Duffer Brothers'),('C17', 'The Duffer Brothers'),('C18', 'The Duffer Brothers'),('C19', 'The Duffer Brothers'),('C20', 'The Duffer Brothers'),('C21', 'The Duffer Brothers'),('C22', 'The Duffer Brothers'),('C23', 'The Duffer Brothers'),('C24', 'The Duffer Brothers'),('C25', 'The Duffer Brothers'),('C26', 'The Duffer Brothers'),('C27', 'The Duffer Brothers'),('C28', 'The Duffer Brothers'),('C29', 'The Duffer Brothers'),('C30', 'The Duffer Brothers'),('C31', 'The Duffer Brothers'),('C32', 'The Duffer Brothers'),('C33', 'The Duffer Brothers'),('C34', 'The Duffer Brothers'),('C35', 'Veena Sud'),('C36', 'Veena Sud'),('C37', 'Veena Sud'),('C38', 'Veena Sud'),('C39', 'Veena Sud'),('C40', 'Veena Sud'),('C41', 'Veena Sud'),('C42', 'Veena Sud'),('C43', 'Leslye Headland, Natasha Lyonne, Amy Poehler'),('C44', 'Leslye Headland, Natasha Lyonne, Amy Poehler'),('C45', 'Leslye Headland, Natasha Lyonne, Amy Poehler'),('C46', 'Leslye Headland, Natasha Lyonne, Amy Poehler'),('C47', 'Leslye Headland, Natasha Lyonne, Amy Poehler'),('C48', 'Leslye Headland, Natasha Lyonne, Amy Poehler'),('C49', 'Leslye Headland, Natasha Lyonne, Amy Poehler'),('C50', 'Leslye Headland, Natasha Lyonne, Amy Poehler'),('C51', 'Mike Flanagan'),('C52', 'Mike Flanagan'),('C53', 'Mike Flanagan'),('C54', 'Mike Flanagan'),('C55', 'Mike Flanagan'),('C56', 'Mike Flanagan'),('C57', 'Mike Flanagan'),('C58', 'Mike Flanagan'),('C59', 'Mike Flanagan'),('C60', 'Mike Flanagan'),('C61', 'Christian Linke, Alexandre "Axel" de Carvalho'),('C62', 'Christian Linke, Alexandre "Axel" de Carvalho'),('C63', 'Christian Linke, Alexandre "Axel" de Carvalho'),('C64', 'Christian Linke, Alexandre "Axel" de Carvalho'),('C65', 'Christian Linke, Alexandre "Axel" de Carvalho'),('C66', 'Christian Linke, Alexandre "Axel" de Carvalho'),('C67', 'Christian Linke, Alexandre "Axel" de Carvalho'),('C68', 'Christian Linke, Alexandre "Axel" de Carvalho'),('C69', 'Christopher Keyser'),('C70', 'Christopher Keyser'),('C71', 'Christopher Keyser'),('C72', 'Christopher Keyser'),('C73', 'Christopher Keyser'),('C74', 'Christopher Keyser'),('C75', 'Christopher Keyser'),('C76', 'Christopher Keyser'),('C77', 'Christopher Keyser'),('C78', 'Christopher Keyser'),('C79', 'Ryan Murphy'),('C80', 'Ryan Murphy'),('C81', 'Ryan Murphy'),('C82', 'Ryan Murphy'),('C83', 'Ryan Murphy'),('C84', 'Ryan Murphy'),('C85', 'Ryan Murphy'),('C86', 'Ryan Murphy'),('C87', 'Ryan Murphy'),('C88', 'Ryan Murphy'),('C89', 'Ryan Murphy'),('C90', 'Ryan Murphy'),('C91', 'Ryan Murphy'),('C92', 'Ryan Murphy'),('C93', 'Ryan Murphy'),('C94', 'Ryan Murphy'),('C95', 'Charlie Covell'),('C96', 'Charlie Covell'),('C97', 'Charlie Covell'),('C98', 'Charlie Covell'),('C99', 'Charlie Covell'),('C100', 'Charlie Covell'),('C101', 'Charlie Covell'),('C102', 'Charlie Covell'),('C103', 'Charlie Covell'),('C104', 'Charlie Covell'),('C105', 'Charlie Covell'),('C106', 'Charlie Covell'),('C107', 'Charlie Covell'),('C108', 'Charlie Covell'),('C109', 'Charlie Covell'),('C110', 'Charlie Covell'),('C111', 'Hwang Dong-hyuk'),('C112', 'Hwang Dong-hyuk'),('C113', 'Hwang Dong-hyuk'),('C114', 'Hwang Dong-hyuk'),('C115', 'Hwang Dong-hyuk'),('C116', 'Hwang Dong-hyuk'),('C117', 'Hwang Dong-hyuk'),('C118', 'Hwang Dong-hyuk'),('C119', 'Hwang Dong-hyuk'),('C120', 'Susannah Grant, Michael Chabon, Ayelet Waldman'),('C121', 'Susannah Grant, Michael Chabon, Ayelet Waldman'),('C122', 'Susannah Grant, Michael Chabon, Ayelet Waldman'),('C123', 'Susannah Grant, Michael Chabon, Ayelet Waldman'),('C124', 'Susannah Grant, Michael Chabon, Ayelet Waldman'),('C125', 'Susannah Grant, Michael Chabon, Ayelet Waldman'),('C126', 'Susannah Grant, Michael Chabon, Ayelet Waldman'),('C127', 'Susannah Grant, Michael Chabon, Ayelet Waldman'),('C128', 'Robert Rodriguez'),('C129', 'Harry Bradbeer (Director), Jack Thorne (Screenwriter)'),('C130', 'Rawson Marshall Thurber'),('C131', 'Martin Scorsese'),('C132', 'Noah Baumbach'),('C133', 'Alfonso Cuarón'),('C134', 'Craig Brewer'),('C135', 'Sam Hargrave (Director), Joe Russo (Producer, Writer)'),('C136', 'Susanne Bier (Director), Eric Heisserer (Screenwriter)'),('C137', 'Aaron Sorkin');

INSERT INTO CONTENT_MOOD (Content_ID, Mood) VALUES ('C1', 'Suspenseful, nostalgic, thrilling'),('C2', 'Suspenseful, nostalgic, thrilling'),('C3', 'Suspenseful, nostalgic, thrilling'),('C4', 'Suspenseful, nostalgic, thrilling'),('C5', 'Suspenseful, nostalgic, thrilling'),('C6', 'Suspenseful, nostalgic, thrilling'),('C7', 'Suspenseful, nostalgic, thrilling'),('C8', 'Suspenseful, nostalgic, thrilling'),('C9', 'Suspenseful, nostalgic, thrilling'),('C10', 'Suspenseful, nostalgic, thrilling'),('C11', 'Suspenseful, nostalgic, thrilling'),('C12', 'Suspenseful, nostalgic, thrilling'),('C13', 'Suspenseful, nostalgic, thrilling'),('C14', 'Suspenseful, nostalgic, thrilling'),('C15', 'Suspenseful, nostalgic, thrilling'),('C16', 'Suspenseful, nostalgic, thrilling'),('C17', 'Suspenseful, nostalgic, thrilling'),('C18', 'Suspenseful, nostalgic, thrilling'),('C19', 'Suspenseful, nostalgic, thrilling'),('C20', 'Suspenseful, nostalgic, thrilling'),('C21', 'Suspenseful, nostalgic, thrilling'),('C22', 'Suspenseful, nostalgic, thrilling'),('C23', 'Suspenseful, nostalgic, thrilling'),('C24', 'Suspenseful, nostalgic, thrilling'),('C25', 'Suspenseful, nostalgic, thrilling'),('C26', 'Suspenseful, nostalgic, thrilling'),('C27', 'Suspenseful, nostalgic, thrilling'),('C28', 'Suspenseful, nostalgic, thrilling'),('C29', 'Suspenseful, nostalgic, thrilling'),('C30', 'Suspenseful, nostalgic, thrilling'),('C31', 'Suspenseful, nostalgic, thrilling'),('C32', 'Suspenseful, nostalgic, thrilling'),('C33', 'Suspenseful, nostalgic, thrilling'),('C34', 'Suspenseful, nostalgic, thrilling'),('C35', 'Dark, Intense, Suspenseful, Emotional'),('C36', 'Dark, Intense, Suspenseful, Emotional'),('C37', 'Dark, Intense, Suspenseful, Emotional'),('C38', 'Dark, Intense, Suspenseful, Emotional'),('C39', 'Dark, Intense, Suspenseful, Emotional'),('C40', 'Dark, Intense, Suspenseful, Emotional'),('C41', 'Dark, Intense, Suspenseful, Emotional'),('C42', 'Dark, Intense, Suspenseful, Emotional'),('C43', 'Darkly comedic, Surreal, Thought-provoking, Quirky'),('C44', 'Darkly comedic, Surreal, Thought-provoking, Quirky'),('C45', 'Darkly comedic, Surreal, Thought-provoking, Quirky'),('C46', 'Darkly comedic, Surreal, Thought-provoking, Quirky'),('C47', 'Darkly comedic, Surreal, Thought-provoking, Quirky'),('C48', 'Darkly comedic, Surreal, Thought-provoking, Quirky'),('C49', 'Darkly comedic, Surreal, Thought-provoking, Quirky'),('C50', 'Darkly comedic, Surreal, Thought-provoking, Quirky'),('C51', 'Eerie, Atmospheric, Emotional, Tense, Tragic'),('C52', 'Eerie, Atmospheric, Emotional, Tense, Tragic'),('C53', 'Eerie, Atmospheric, Emotional, Tense, Tragic'),('C54', 'Eerie, Atmospheric, Emotional, Tense, Tragic'),('C55', 'Eerie, Atmospheric, Emotional, Tense, Tragic'),('C56', 'Eerie, Atmospheric, Emotional, Tense, Tragic'),('C57', 'Eerie, Atmospheric, Emotional, Tense, Tragic'),('C58', 'Eerie, Atmospheric, Emotional, Tense, Tragic'),('C59', 'Eerie, Atmospheric, Emotional, Tense, Tragic'),('C60', 'Eerie, Atmospheric, Emotional, Tense, Tragic'),('C61', 'Dark, Emotional, Suspenseful, Visually Stunning'),('C62', 'Dark, Emotional, Suspenseful, Visually Stunning'),('C63', 'Dark, Emotional, Suspenseful, Visually Stunning'),('C64', 'Dark, Emotional, Suspenseful, Visually Stunning'),('C65', 'Dark, Emotional, Suspenseful, Visually Stunning'),('C66', 'Dark, Emotional, Suspenseful, Visually Stunning'),('C67', 'Dark, Emotional, Suspenseful, Visually Stunning'),('C68', 'Dark, Emotional, Suspenseful, Visually Stunning'),('C69', 'Mysterious, Tense, Suspenseful, Dark, Psychological'),('C70', 'Mysterious, Tense, Suspenseful, Dark, Psychological'),('C71', 'Mysterious, Tense, Suspenseful, Dark, Psychological'),('C72', 'Mysterious, Tense, Suspenseful, Dark, Psychological'),('C73', 'Mysterious, Tense, Suspenseful, Dark, Psychological'),('C74', 'Mysterious, Tense, Suspenseful, Dark, Psychological'),('C75', 'Mysterious, Tense, Suspenseful, Dark, Psychological'),('C76', 'Mysterious, Tense, Suspenseful, Dark, Psychological'),('C77', 'Mysterious, Tense, Suspenseful, Dark, Psychological'),('C78', 'Mysterious, Tense, Suspenseful, Dark, Psychological'),('C79', 'Satirical, Darkly comedic, Quirky, Ambitious'),('C80', 'Satirical, Darkly comedic, Quirky, Ambitious'),('C81', 'Satirical, Darkly comedic, Quirky, Ambitious'),('C82', 'Satirical, Darkly comedic, Quirky, Ambitious'),('C83', 'Satirical, Darkly comedic, Quirky, Ambitious'),('C84', 'Satirical, Darkly comedic, Quirky, Ambitious'),('C85', 'Satirical, Darkly comedic, Quirky, Ambitious'),('C86', 'Satirical, Darkly comedic, Quirky, Ambitious'),('C87', 'Satirical, Darkly comedic, Quirky, Ambitious'),('C88', 'Satirical, Darkly comedic, Quirky, Ambitious'),('C89', 'Satirical, Darkly comedic, Quirky, Ambitious'),('C90', 'Satirical, Darkly comedic, Quirky, Ambitious'),('C91', 'Satirical, Darkly comedic, Quirky, Ambitious'),('C92', 'Satirical, Darkly comedic, Quirky, Ambitious'),('C93', 'Satirical, Darkly comedic, Quirky, Ambitious'),('C94', 'Satirical, Darkly comedic, Quirky, Ambitious'),('C95', 'Darkly comedic, Weird, Eerie, Bittersweet, Emotional'),('C96', 'Darkly comedic, Weird, Eerie, Bittersweet, Emotional'),('C97', 'Darkly comedic, Weird, Eerie, Bittersweet, Emotional'),('C98', 'Darkly comedic, Weird, Eerie, Bittersweet, Emotional'),('C99', 'Darkly comedic, Weird, Eerie, Bittersweet, Emotional'),('C100', 'Darkly comedic, Weird, Eerie, Bittersweet, Emotional'),('C101', 'Darkly comedic, Weird, Eerie, Bittersweet, Emotional'),('C102', 'Darkly comedic, Weird, Eerie, Bittersweet, Emotional'),('C103', 'Darkly comedic, Weird, Eerie, Bittersweet, Emotional'),('C104', 'Darkly comedic, Weird, Eerie, Bittersweet, Emotional'),('C105', 'Darkly comedic, Weird, Eerie, Bittersweet, Emotional'),('C106', 'Darkly comedic, Weird, Eerie, Bittersweet, Emotional'),('C107', 'Darkly comedic, Weird, Eerie, Bittersweet, Emotional'),('C108', 'Darkly comedic, Weird, Eerie, Bittersweet, Emotional'),('C109', 'Darkly comedic, Weird, Eerie, Bittersweet, Emotional'),('C110', 'Darkly comedic, Weird, Eerie, Bittersweet, Emotional'),('C111', 'Tense, Suspenseful, Dark, Emotional, Desperate'),('C112', 'Tense, Suspenseful, Dark, Emotional, Desperate'),('C113', 'Tense, Suspenseful, Dark, Emotional, Desperate'),('C114', 'Tense, Suspenseful, Dark, Emotional, Desperate'),('C115', 'Tense, Suspenseful, Dark, Emotional, Desperate'),('C116', 'Tense, Suspenseful, Dark, Emotional, Desperate'),('C117', 'Tense, Suspenseful, Dark, Emotional, Desperate'),('C118', 'Tense, Suspenseful, Dark, Emotional, Desperate'),('C119', 'Tense, Suspenseful, Dark, Emotional, Desperate'),('C120', 'Tense, Emotional, Heart-wrenching, Suspenseful'),('C121', 'Tense, Emotional, Heart-wrenching, Suspenseful'),('C122', 'Tense, Emotional, Heart-wrenching, Suspenseful'),('C123', 'Tense, Emotional, Heart-wrenching, Suspenseful'),('C124', 'Tense, Emotional, Heart-wrenching, Suspenseful'),('C125', 'Tense, Emotional, Heart-wrenching, Suspenseful'),('C126', 'Tense, Emotional, Heart-wrenching, Suspenseful'),('C127', 'Tense, Emotional, Heart-wrenching, Suspenseful'),('C128', 'Fun, Family-friendly, Adventurous, Lighthearted'),('C129', 'Whimsical, Adventurous, Witty, Empowering'),('C130', 'Fast-paced, Humorous, Action-packed, Thrilling'),('C131', 'Slow-burn, Reflective, Melancholic, Introspective'),('C132', 'Emotional, Introspective, Heartbreaking, Raw'),('C133', 'Reflective, Intimate, Poignant, Melancholic'),('C134', 'Uplifting, Hilarious, Inspirational, Retro'),('C135', 'Intense, Gritty, Action-packed, Suspenseful'),('C136', 'Tense, Suspenseful, Dark, Post-apocalyptic'),('C137', 'Tense, Political, Inspiring, Justice-driven');

INSERT INTO CONTENT_GENRE (Content_ID, Genre) VALUES ('C1', 'Sci-Fi, Horror, Mystery, Thriller'),('C2', 'Sci-Fi, Horror, Mystery, Thriller'),('C3', 'Sci-Fi, Horror, Mystery, Thriller'),('C4', 'Sci-Fi, Horror, Mystery, Thriller'),('C5', 'Sci-Fi, Horror, Mystery, Thriller'),('C6', 'Sci-Fi, Horror, Mystery, Thriller'),('C7', 'Sci-Fi, Horror, Mystery, Thriller'),('C8', 'Sci-Fi, Horror, Mystery, Thriller'),('C9', 'Sci-Fi, Horror, Mystery, Thriller'),('C10', 'Sci-Fi, Horror, Mystery, Thriller'),('C11', 'Sci-Fi, Horror, Mystery, Thriller'),('C12', 'Sci-Fi, Horror, Mystery, Thriller'),('C13', 'Sci-Fi, Horror, Mystery, Thriller'),('C14', 'Sci-Fi, Horror, Mystery, Thriller'),('C15', 'Sci-Fi, Horror, Mystery, Thriller'),('C16', 'Sci-Fi, Horror, Mystery, Thriller'),('C17', 'Sci-Fi, Horror, Mystery, Thriller'),('C18', 'Sci-Fi, Horror, Mystery, Thriller'),('C19', 'Sci-Fi, Horror, Mystery, Thriller'),('C20', 'Sci-Fi, Horror, Mystery, Thriller'),('C21', 'Sci-Fi, Horror, Mystery, Thriller'),('C22', 'Sci-Fi, Horror, Mystery, Thriller'),('C23', 'Sci-Fi, Horror, Mystery, Thriller'),('C24', 'Sci-Fi, Horror, Mystery, Thriller'),('C25', 'Sci-Fi, Horror, Mystery, Thriller'),('C26', 'Sci-Fi, Horror, Mystery, Thriller'),('C27', 'Sci-Fi, Horror, Mystery, Thriller'),('C28', 'Sci-Fi, Horror, Mystery, Thriller'),('C29', 'Sci-Fi, Horror, Mystery, Thriller'),('C30', 'Sci-Fi, Horror, Mystery, Thriller'),('C31', 'Sci-Fi, Horror, Mystery, Thriller'),('C32', 'Sci-Fi, Horror, Mystery, Thriller'),('C33', 'Sci-Fi, Horror, Mystery, Thriller'),('C34', 'Sci-Fi, Horror, Mystery, Thriller'),('C35', 'Crime Drama, Thriller, Social Commentary'),('C36', 'Crime Drama, Thriller, Social Commentary'),('C37', 'Crime Drama, Thriller, Social Commentary'),('C38', 'Crime Drama, Thriller, Social Commentary'),('C39', 'Crime Drama, Thriller, Social Commentary'),('C40', 'Crime Drama, Thriller, Social Commentary'),('C41', 'Crime Drama, Thriller, Social Commentary'),('C42', 'Crime Drama, Thriller, Social Commentary'),('C43', 'Dark Comedy, Sci-Fi, Drama'),('C44', 'Dark Comedy, Sci-Fi, Drama'),('C45', 'Dark Comedy, Sci-Fi, Drama'),('C46', 'Dark Comedy, Sci-Fi, Drama'),('C47', 'Dark Comedy, Sci-Fi, Drama'),('C48', 'Dark Comedy, Sci-Fi, Drama'),('C49', 'Dark Comedy, Sci-Fi, Drama'),('C50', 'Dark Comedy, Sci-Fi, Drama'),('C51', 'Horror, Supernatural Drama, Mystery'),('C52', 'Horror, Supernatural Drama, Mystery'),('C53', 'Horror, Supernatural Drama, Mystery'),('C54', 'Horror, Supernatural Drama, Mystery'),('C55', 'Horror, Supernatural Drama, Mystery'),('C56', 'Horror, Supernatural Drama, Mystery'),('C57', 'Horror, Supernatural Drama, Mystery'),('C58', 'Horror, Supernatural Drama, Mystery'),('C59', 'Horror, Supernatural Drama, Mystery'),('C60', 'Horror, Supernatural Drama, Mystery'),('C61', 'Animated, Action, Fantasy, Drama'),('C62', 'Animated, Action, Fantasy, Drama'),('C63', 'Animated, Action, Fantasy, Drama'),('C64', 'Animated, Action, Fantasy, Drama'),('C65', 'Animated, Action, Fantasy, Drama'),('C66', 'Animated, Action, Fantasy, Drama'),('C67', 'Animated, Action, Fantasy, Drama'),('C68', 'Animated, Action, Fantasy, Drama'),('C69', 'Teen Drama, Mystery, Sci-Fi, Thriller'),('C70', 'Teen Drama, Mystery, Sci-Fi, Thriller'),('C71', 'Teen Drama, Mystery, Sci-Fi, Thriller'),('C72', 'Teen Drama, Mystery, Sci-Fi, Thriller'),('C73', 'Teen Drama, Mystery, Sci-Fi, Thriller'),('C74', 'Teen Drama, Mystery, Sci-Fi, Thriller'),('C75', 'Teen Drama, Mystery, Sci-Fi, Thriller'),('C76', 'Teen Drama, Mystery, Sci-Fi, Thriller'),('C77', 'Teen Drama, Mystery, Sci-Fi, Thriller'),('C78', 'Teen Drama, Mystery, Sci-Fi, Thriller'),('C79', 'Comedy-Drama, Satire, Political'),('C80', 'Comedy-Drama, Satire, Political'),('C81', 'Comedy-Drama, Satire, Political'),('C82', 'Comedy-Drama, Satire, Political'),('C83', 'Comedy-Drama, Satire, Political'),('C84', 'Comedy-Drama, Satire, Political'),('C85', 'Comedy-Drama, Satire, Political'),('C86', 'Comedy-Drama, Satire, Political'),('C87', 'Comedy-Drama, Satire, Political'),('C88', 'Comedy-Drama, Satire, Political'),('C89', 'Comedy-Drama, Satire, Political'),('C90', 'Comedy-Drama, Satire, Political'),('C91', 'Comedy-Drama, Satire, Political'),('C92', 'Comedy-Drama, Satire, Political'),('C93', 'Comedy-Drama, Satire, Political'),('C94', 'Comedy-Drama, Satire, Political'),('C95', 'Dark Comedy, Drama, Coming-of-Age'),('C96', 'Dark Comedy, Drama, Coming-of-Age'),('C97', 'Dark Comedy, Drama, Coming-of-Age'),('C98', 'Dark Comedy, Drama, Coming-of-Age'),('C99', 'Dark Comedy, Drama, Coming-of-Age'),('C100', 'Dark Comedy, Drama, Coming-of-Age'),('C101', 'Dark Comedy, Drama, Coming-of-Age'),('C102', 'Dark Comedy, Drama, Coming-of-Age'),('C103', 'Dark Comedy, Drama, Coming-of-Age'),('C104', 'Dark Comedy, Drama, Coming-of-Age'),('C105', 'Dark Comedy, Drama, Coming-of-Age'),('C106', 'Dark Comedy, Drama, Coming-of-Age'),('C107', 'Dark Comedy, Drama, Coming-of-Age'),('C108', 'Dark Comedy, Drama, Coming-of-Age'),('C109', 'Dark Comedy, Drama, Coming-of-Age'),('C110', 'Dark Comedy, Drama, Coming-of-Age'),('C111', 'Thriller, Drama, Survival, Mystery'),('C112', 'Thriller, Drama, Survival, Mystery'),('C113', 'Thriller, Drama, Survival, Mystery'),('C114', 'Thriller, Drama, Survival, Mystery'),('C115', 'Thriller, Drama, Survival, Mystery'),('C116', 'Thriller, Drama, Survival, Mystery'),('C117', 'Thriller, Drama, Survival, Mystery'),('C118', 'Thriller, Drama, Survival, Mystery'),('C119', 'Thriller, Drama, Survival, Mystery'),('C120', 'Drama, Crime, True Crime, Mystery'),('C121', 'Drama, Crime, True Crime, Mystery'),('C122', 'Drama, Crime, True Crime, Mystery'),('C123', 'Drama, Crime, True Crime, Mystery'),('C124', 'Drama, Crime, True Crime, Mystery'),('C125', 'Drama, Crime, True Crime, Mystery'),('C126', 'Drama, Crime, True Crime, Mystery'),('C127', 'Drama, Crime, True Crime, Mystery'),('C128', 'Action, Family, Sci-Fi, Comedy'),('C129', 'Mystery, Adventure, Drama, Crime'),('C130', 'Action, Comedy, Heist, Adventure'),('C131', 'Crime, Drama, Historical, Thriller'),('C132', 'Drama, Romance'),('C133', 'Drama, Historical, Art House'),('C134', 'Comedy, Drama, Biographical'),('C135', 'Action, Thriller, Drama'),('C136', 'Thriller, Horror, Sci-Fi, Drama'),('C137', 'Drama, History, Legal, Thriller');

INSERT INTO PROFILE (Member_ID, Name, Profile_Type) VALUES (16504, 'Elsen Soh', 'Adult'),(16504, 'Couch Crusader', 'Adult'),(16504, 'Binge Monster', 'Child'),(68025, 'Leong Chong Gui', 'Adult'),(71135, 'Teo Jie Ying', 'Adult'),(71135, 'Streaming Sorcerer', 'Adult'),(71135, 'Drama Llama', 'Child'),(71135, 'Popcorn Pirate', 'Child'),(71135, 'Chill Vibes', 'Child'),(40657, 'Sharmaine', 'Adult'),(40657, 'Plot Prodigy', 'Adult'),(16058, 'Florance Geww', 'Adult'),(16058, 'Reel Deal', 'Adult'),(16058, 'Cinematic Dreamer', 'Adult'),(16058, 'Mystery Maven', 'Adult'),(16058, 'Series Seeker', 'Child'),(17772, 'Seah Jin Rui', 'Adult'),(60294, 'Flick Fanatic', 'Adult'),(60294, 'Cinema Snacker', 'Adult'),(69099, 'Dayanita', 'Adult'),(69099, 'Screen Queen', 'Adult'),(83369, 'Jamie Ma', 'Adult'),(83369, 'Binge Buddy', 'Adult'),(83369, 'Drama Diva', 'Child'),(98087, 'Keito Fukumuro', 'Adult'),(98087, 'Stream Sage', 'Adult'),(98087, 'Chill Wizard', 'Adult'),(98087, 'Epic Explorer', 'Child');

INSERT INTO MEMBER_SUBSCRIPTION_PAYMENT (Member_ID, Payment_ID, Plan_Type, Start_Date, End_date) VALUES (16504, 2436902324, 'Premium', '2024-10-01', '2024-11-01'),(16504, 2054542138, 'Premium', '2024-11-01', '2024-12-01'),(68025, 1749267346, 'Premium', '2024-09-02', '2024-10-02'),(68025, 1008962054, 'Premium', '2024-10-02', '2024-11-02'),(68025, 1226598418, 'Premium', '2024-11-02', '2024-12-02'),(71135, 2024628706, 'Basic', '2024-10-03', '2024-11-03'),(71135, 2623657323, 'Basic', '2024-11-03', '2024-12-03'),(40657, 3893403478, 'Standard', '2024-11-04', '2024-12-04'),(16058, 2804023853, 'Premium', '2024-07-05', '2024-08-05'),(16058, 1407578902, 'Premium', '2024-08-05', '2024-09-05'),(16058, 1098543098, 'Premium', '2024-09-05', '2024-10-05'),(16058, 1823498502, 'Premium', '2024-10-05', '2024-11-05'),(16058, 1475405074, 'Premium', '2024-11-05', '2024-12-05'),(17772, 2082670776, 'Standard', '2024-10-06', '2024-11-06'),(17772, 2596826007, 'Standard', '2024-11-06', '2024-12-06'),(60294, 2038620436, 'Standard', '2024-07-07', '2024-08-07'),(60294, 1098820465, 'Standard', '2024-08-07', '2024-09-07'),(60294, 1385070255, 'Standard', '2024-09-07', '2024-10-07'),(60294, 2928062844, 'Standard', '2024-10-07', '2024-11-07'),(60294, 2479370416, 'Standard', '2024-11-07', '2024-12-07'),(69099, 2659700954, 'Premium', '2024-10-08', '2024-11-08'),(69099, 1980142227, 'Premium', '2024-11-08', '2024-12-08'),(83369, 4130293258, 'Basic', '2024-10-09', '2024-11-09'),(83369, 4824680219, 'Basic', '2024-11-09', '2024-12-09'),(98087, 2584569062, 'Premium', '2024-07-10', '2024-08-10'),(98087, 2357808464, 'Premium', '2024-08-10', '2024-09-10'),(98087, 2180954684, 'Premium', '2024-09-10', '2024-10-10'),(98087, 2975445895, 'Premium', '2024-10-10', '2024-11-10'),(98087, 2861783568, 'Premium', '2024-11-10', '2024-12-10'), (12345, 1234567890, 'Standard', '2024-10-13', '2024-11-13');

INSERT INTO DEVICE (Device_ID, Member_ID, Device_Type, Login_Date) VALUES (101, 16504, 'Mobile Device', '2024-10-01'),(102, 16504, 'Laptop/Desktop', '2024-10-10'),(103, 16504, 'Mobile Device', '2024-10-13'),(104, 16504, 'Streaming Device', '2024-10-31'),(201, 68025, 'Mobile Device', '2024-09-02'),(202, 68025, 'Mobile Device', '2024-09-11'),(203, 68025, 'Laptop/Desktop', '2024-09-16'),(204, 68025, 'Smart TV', '2024-09-29'),(301, 71135, 'Streaming Device', '2024-10-03'),(401, 40657, 'Mobile Device', '2024-11-04'),(402, 40657, 'Laptop/Desktop', '2024-11-05'),(501, 16058, 'Laptop/Desktop', '2024-07-05'),(502, 16058, 'Streaming Device', '2024-07-12'),(503, 16058, 'Streaming Device', '2024-07-15'),(504, 16058, 'Mobile Device', '2024-07-16'),(601, 17772, 'Streaming Device', '2024-10-06'),(602, 17772, 'Mobile Device', '2024-10-06'),(701, 60294, 'Streaming Device', '2024-07-07'),(702, 60294, 'Smart TV', '2024-07-09'),(801, 69099, 'Mobile Device', '2024-10-08'),(802, 69099, 'Laptop/Desktop', '2024-10-08'),(803, 69099, 'Streaming Device', '2024-10-10'),(804, 69099, 'Streaming Device', '2024-10-11'),(901, 83369, 'Mobile Device', '2024-10-09'),(1001, 98087, 'Smart TV', '2024-07-10'),(1002, 98087, 'Streaming Device', '2024-07-11'),(1003, 98087, 'Streaming Device', '2024-07-19'),(1004, 98087, 'Smart TV', '2024-07-27');

INSERT INTO RECOMMENDATION (Member_ID, Profile_Name, Content_ID, Score) VALUES (16504, 'Elsen Soh', 'C122', 8.01),(16504, 'Elsen Soh', 'C43', 8.04),(16504, 'Elsen Soh', 'C61', 7.02),(16504, 'Elsen Soh', 'C2', 8.62),(16504, 'Elsen Soh', 'C78', 7.18),(16504, 'Couch Crusader', 'C6', 7.46),(16504, 'Couch Crusader', 'C80', 7.51),(16504, 'Couch Crusader', 'C17', 8.03),(16504, 'Couch Crusader', 'C121', 8.74),(16504, 'Couch Crusader', 'C55', 8.94),(16504, 'Binge Monster', 'C15', 8.0),(16504, 'Binge Monster', 'C118', 7.61),(16504, 'Binge Monster', 'C84', 7.57),(16504, 'Binge Monster', 'C116', 8.23),(16504, 'Binge Monster', 'C75', 9.93),(68025, 'Leong Chong Gui', 'C82', 8.62),(68025, 'Leong Chong Gui', 'C23', 9.58),(68025, 'Leong Chong Gui', 'C34', 7.94),(68025, 'Leong Chong Gui', 'C89', 7.07),(68025, 'Leong Chong Gui', 'C28', 8.61),(71135, 'Teo Jie Ying', 'C111', 8.41),(71135, 'Teo Jie Ying', 'C102', 7.7),(71135, 'Teo Jie Ying', 'C49', 7.4),(71135, 'Teo Jie Ying', 'C26', 9.55),(71135, 'Teo Jie Ying', 'C43', 7.26),(71135, 'Streaming Sorcerer', 'C66', 7.79),(71135, 'Streaming Sorcerer', 'C24', 9.42),(71135, 'Streaming Sorcerer', 'C136', 9.81),(71135, 'Streaming Sorcerer', 'C134', 7.08),(71135, 'Streaming Sorcerer', 'C28', 8.53),(71135, 'Drama Llama', 'C60', 8.79),(71135, 'Drama Llama', 'C14', 9.84),(71135, 'Drama Llama', 'C34', 9.25),(71135, 'Drama Llama', 'C112', 7.22),(71135, 'Drama Llama', 'C89', 9.08),(71135, 'Popcorn Pirate', 'C30', 7.73),(71135, 'Popcorn Pirate', 'C75', 9.68),(71135, 'Popcorn Pirate', 'C61', 9.0),(71135, 'Popcorn Pirate', 'C95', 7.39),(71135, 'Popcorn Pirate', 'C119', 8.64),(71135, 'Chill Vibes', 'C36', 8.97),(71135, 'Chill Vibes', 'C62', 9.27),(71135, 'Chill Vibes', 'C107', 9.08),(71135, 'Chill Vibes', 'C32', 9.5),(71135, 'Chill Vibes', 'C81', 8.56),(40657, 'Sharmaine', 'C52', 7.23),(40657, 'Sharmaine', 'C7', 9.82),(40657, 'Sharmaine', 'C13', 7.64),(40657, 'Sharmaine', 'C84', 9.11),(40657, 'Sharmaine', 'C16', 9.71),(40657, 'Plot Prodigy', 'C108', 7.47),(40657, 'Plot Prodigy', 'C100', 7.55),(40657, 'Plot Prodigy', 'C122', 7.7),(40657, 'Plot Prodigy', 'C18', 8.01),(40657, 'Plot Prodigy', 'C132', 7.31),(16058, 'Florance Geww', 'C100', 8.95),(16058, 'Florance Geww', 'C30', 8.23),(16058, 'Florance Geww', 'C125', 9.11),(16058, 'Florance Geww', 'C128', 7.52),(16058, 'Florance Geww', 'C52', 8.73),(16058, 'Reel Deal', 'C130', 8.22),(16058, 'Reel Deal', 'C95', 9.71),(16058, 'Reel Deal', 'C28', 8.03),(16058, 'Reel Deal', 'C32', 7.37),(16058, 'Reel Deal', 'C25', 7.99),(16058, 'Cinematic Dreamer', 'C12', 8.36),(16058, 'Cinematic Dreamer', 'C102', 8.82),(16058, 'Cinematic Dreamer', 'C130', 8.5),(16058, 'Cinematic Dreamer', 'C56', 8.81),(16058, 'Cinematic Dreamer', 'C96', 9.91),(16058, 'Mystery Maven', 'C78', 9.33),(16058, 'Mystery Maven', 'C132', 8.56),(16058, 'Mystery Maven', 'C40', 8.61),(16058, 'Mystery Maven', 'C33', 8.77),(16058, 'Series Seeker', 'C54', 9.87),(16058, 'Series Seeker', 'C61', 7.25),(16058, 'Series Seeker', 'C47', 8.91),(16058, 'Series Seeker', 'C70', 9.03),(16058, 'Series Seeker', 'C19', 7.56),(17772, 'Seah Jin Rui', 'C84', 9.17),(17772, 'Seah Jin Rui', 'C137', 7.26),(17772, 'Seah Jin Rui', 'C90', 8.82),(17772, 'Seah Jin Rui', 'C53', 9.2),(17772, 'Seah Jin Rui', 'C117', 7.94),(60294, 'Flick Fanatic', 'C110', 8.91),(60294, 'Flick Fanatic', 'C94', 8.39),(60294, 'Flick Fanatic', 'C65', 8.7),(60294, 'Flick Fanatic', 'C49', 9.86),(60294, 'Flick Fanatic', 'C16', 9.19),(60294, 'Cinema Snacker', 'C68', 8.5),(60294, 'Cinema Snacker', 'C5', 7.97),(60294, 'Cinema Snacker', 'C7', 8.16),(60294, 'Cinema Snacker', 'C116', 7.82),(60294, 'Cinema Snacker', 'C128', 8.12),(69099, 'Dayanita', 'C80', 7.02),(69099, 'Dayanita', 'C44', 8.63),(69099, 'Dayanita', 'C3', 7.34),(69099, 'Dayanita', 'C113', 9.97),(69099, 'Dayanita', 'C2', 7.26),(69099, 'Screen Queen', 'C60', 7.91),(69099, 'Screen Queen', 'C39', 8.66),(69099, 'Screen Queen', 'C23', 9.64),(69099, 'Screen Queen', 'C41', 7.0),(83369, 'Jamie Ma', 'C68', 7.59),(83369, 'Jamie Ma', 'C24', 8.68),(83369, 'Jamie Ma', 'C20', 9.36),(83369, 'Jamie Ma', 'C76', 7.76),(83369, 'Jamie Ma', 'C60', 9.68),(83369, 'Binge Buddy', 'C118', 8.51),(83369, 'Binge Buddy', 'C131', 8.42),(83369, 'Binge Buddy', 'C117', 7.28),(83369, 'Binge Buddy', 'C45', 8.3),(83369, 'Binge Buddy', 'C73', 9.46),(83369, 'Drama Diva', 'C41', 9.0),(83369, 'Drama Diva', 'C25', 7.65),(83369, 'Drama Diva', 'C110', 9.73),(83369, 'Drama Diva', 'C120', 7.58),(83369, 'Drama Diva', 'C29', 7.29),(98087, 'Keito Fukumuro', 'C17', 7.18),(98087, 'Keito Fukumuro', 'C71', 8.01),(98087, 'Keito Fukumuro', 'C26', 9.04),(98087, 'Keito Fukumuro', 'C12', 8.84),(98087, 'Keito Fukumuro', 'C10', 9.28),(98087, 'Stream Sage', 'C122', 7.53),(98087, 'Stream Sage', 'C15', 7.6),(98087, 'Stream Sage', 'C67', 7.85),(98087, 'Stream Sage', 'C9', 9.75),(98087, 'Stream Sage', 'C49', 7.28),(98087, 'Chill Wizard', 'C66', 9.77),(98087, 'Chill Wizard', 'C92', 7.5),(98087, 'Chill Wizard', 'C129', 7.63),(98087, 'Chill Wizard', 'C101', 8.39),(98087, 'Chill Wizard', 'C64', 9.03),(98087, 'Epic Explorer', 'C67', 7.14),(98087, 'Epic Explorer', 'C18', 7.43),(98087, 'Epic Explorer', 'C128', 7.61),(98087, 'Epic Explorer', 'C86', 7.14),(98087, 'Epic Explorer', 'C111', 8.05);

INSERT INTO WATCH_HISTORY (Content_ID, Member_ID, Profile_Name, Date_Watched, Duration_Watched) VALUES ('C32', 16504, 'Elsen Soh', '2024-11-22', '00:46:30'),('C20', 16504, 'Elsen Soh', '2024-11-26', '00:55:14'),('C7', 16504, 'Elsen Soh', '2024-11-27', '00:35:46'),('C44', 16504, 'Elsen Soh', '2024-11-29', '00:53:03'),('C45', 16504, 'Elsen Soh', '2024-11-29', '00:27:26'),('C113', 16504, 'Couch Crusader', '2024-11-11', '00:44:09'),('C135', 16504, 'Couch Crusader', '2024-11-16', '00:53:22'),('C84', 16504, 'Couch Crusader', '2024-11-23', '00:18:19'),('C49', 16504, 'Couch Crusader', '2024-11-24', '00:54:05'),('C125', 16504, 'Couch Crusader', '2024-11-25', '00:45:34'),('C72', 16504, 'Binge Monster', '2024-11-23', '00:45:29'),('C51', 16504, 'Binge Monster', '2024-11-13', '00:30:45'),('C63', 16504, 'Binge Monster', '2024-11-13', '00:50:41'),('C103', 16504, 'Binge Monster', '2024-11-28', '00:44:52'),('C97', 68025, 'Leong Chong Gui', '2024-11-16', '00:26:17'),('C34', 68025, 'Leong Chong Gui', '2024-11-28', '00:54:15'),('C22', 68025, 'Leong Chong Gui', '2024-11-26', '00:48:09'),('C121', 68025, 'Leong Chong Gui', '2024-11-27', '00:40:46'),('C133', 68025, 'Leong Chong Gui', '2024-11-23', '00:31:42'),('C120', 71135, 'Teo Jie Ying', '2024-11-18', '00:47:16'),('C84', 71135, 'Teo Jie Ying', '2024-11-15', '00:50:49'),('C26', 71135, 'Teo Jie Ying', '2024-11-24', '00:59:17'),('C1', 71135, 'Teo Jie Ying', '2024-11-21', '00:34:41'),('C99', 71135, 'Teo Jie Ying', '2024-11-15', '00:53:32'),('C29', 71135, 'Streaming Sorcerer', '2024-12-01', '00:24:31'),('C128', 71135, 'Streaming Sorcerer', '2024-11-17', '00:54:56'),('C2', 71135, 'Streaming Sorcerer', '2024-11-15', '00:47:25'),('C93', 71135, 'Streaming Sorcerer', '2024-11-13', '00:27:13'),('C45', 71135, 'Streaming Sorcerer', '2024-11-21', '00:33:48'),('C88', 71135, 'Drama Llama', '2024-11-15', '00:51:02'),('C26', 71135, 'Drama Llama', '2024-11-30', '00:41:40'),('C103', 71135, 'Drama Llama', '2024-11-16', '00:31:57'),('C79', 71135, 'Drama Llama', '2024-11-25', '00:26:52'),('C19', 71135, 'Popcorn Pirate', '2024-11-16', '00:43:40'),('C86', 71135, 'Popcorn Pirate', '2024-11-27', '00:21:06'),('C74', 71135, 'Popcorn Pirate', '2024-11-16', '00:30:59'),('C136', 71135, 'Popcorn Pirate', '2024-11-13', '00:47:54'),('C101', 71135, 'Popcorn Pirate', '2024-11-30', '00:38:48'),('C25', 71135, 'Chill Vibes', '2024-11-13', '00:25:39'),('C33', 71135, 'Chill Vibes', '2024-11-15', '00:29:30'),('C80', 71135, 'Chill Vibes', '2024-12-01', '00:18:18'),('C70', 71135, 'Chill Vibes', '2024-11-22', '00:16:30'),('C85', 71135, 'Chill Vibes', '2024-11-12', '00:49:35'),('C28', 40657, 'Sharmaine', '2024-11-10', '00:50:22'),('C40', 40657, 'Sharmaine', '2024-11-16', '00:21:03'),('C108', 40657, 'Sharmaine', '2024-11-11', '00:53:07'),('C11', 40657, 'Sharmaine', '2024-11-28', '00:41:37'),('C51', 40657, 'Plot Prodigy', '2024-11-27', '00:16:49'),('C122', 40657, 'Plot Prodigy', '2024-11-20', '00:45:53'),('C111', 40657, 'Plot Prodigy', '2024-11-23', '00:26:19'),('C98', 40657, 'Plot Prodigy', '2024-11-19', '00:56:59'),('C94', 40657, 'Plot Prodigy', '2024-11-26', '00:26:21'),('C67', 16058, 'Florance Geww', '2024-11-19', '00:59:14'),('C117', 16058, 'Florance Geww', '2024-11-21', '00:23:52'),('C54', 16058, 'Florance Geww', '2024-11-16', '00:34:33'),('C115', 16058, 'Florance Geww', '2024-11-26', '00:45:24'),('C69', 16058, 'Florance Geww', '2024-11-14', '00:49:57'),('C93', 16058, 'Reel Deal', '2024-11-11', '00:31:32'),('C129', 16058, 'Reel Deal', '2024-11-12', '00:43:10'),('C119', 16058, 'Reel Deal', '2024-11-27', '00:37:08'),('C104', 16058, 'Reel Deal', '2024-11-29', '00:17:43'),('C38', 16058, 'Cinematic Dreamer', '2024-11-26', '00:27:24'),('C132', 16058, 'Cinematic Dreamer', '2024-11-20', '00:49:11'),('C93', 16058, 'Cinematic Dreamer', '2024-11-12', '00:35:14'),('C107', 16058, 'Cinematic Dreamer', '2024-11-25', '00:27:10'),('C34', 16058, 'Cinematic Dreamer', '2024-11-10', '00:18:34'),('C125', 16058, 'Mystery Maven', '2024-11-20', '00:26:02'),('C106', 16058, 'Mystery Maven', '2024-11-10', '00:27:45'),('C84', 16058, 'Mystery Maven', '2024-11-25', '00:37:10'),('C39', 16058, 'Mystery Maven', '2024-11-28', '00:56:30'),('C97', 16058, 'Mystery Maven', '2024-11-10', '00:32:58'),('C64', 16058, 'Series Seeker', '2024-11-19', '00:28:12'),('C16', 16058, 'Series Seeker', '2024-11-29', '00:29:38'),('C41', 16058, 'Series Seeker', '2024-12-01', '00:31:16'),('C10', 16058, 'Series Seeker', '2024-11-27', '00:53:46'),('C55', 16058, 'Series Seeker', '2024-11-19', '00:16:48'),('C17', 17772, 'Seah Jin Rui', '2024-11-14', '00:18:08'),('C124', 17772, 'Seah Jin Rui', '2024-11-12', '00:56:45'),('C54', 17772, 'Seah Jin Rui', '2024-11-12', '00:32:32'),('C71', 17772, 'Seah Jin Rui', '2024-11-21', '00:55:40'),('C22', 17772, 'Seah Jin Rui', '2024-11-19', '00:56:44'),('C79', 60294, 'Flick Fanatic', '2024-11-26', '00:27:30'),('C4', 60294, 'Flick Fanatic', '2024-11-16', '00:44:31'),('C5', 60294, 'Flick Fanatic', '2024-12-01', '00:50:08'),('C93', 60294, 'Flick Fanatic', '2024-11-21', '00:29:40'),('C65', 60294, 'Flick Fanatic', '2024-11-13', '00:36:20'),('C103', 60294, 'Cinema Snacker', '2024-11-17', '00:55:37'),('C5', 60294, 'Cinema Snacker', '2024-11-15', '00:57:29'),('C110', 60294, 'Cinema Snacker', '2024-11-13', '00:31:31'),('C123', 60294, 'Cinema Snacker', '2024-11-22', '00:43:38'),('C81', 60294, 'Cinema Snacker', '2024-11-13', '00:18:56'),('C90', 69099, 'Dayanita', '2024-11-10', '00:34:13'),('C14', 69099, 'Dayanita', '2024-11-22', '00:31:50'),('C24', 69099, 'Dayanita', '2024-11-23', '00:15:58'),('C13', 69099, 'Dayanita', '2024-11-16', '00:48:32'),('C79', 69099, 'Dayanita', '2024-11-22', '00:31:03'),('C116', 69099, 'Screen Queen', '2024-11-24', '00:17:49'),('C34', 69099, 'Screen Queen', '2024-11-19', '00:20:42'),('C111', 69099, 'Screen Queen', '2024-11-27', '00:36:35'),('C41', 69099, 'Screen Queen', '2024-11-12', '00:58:24'),('C12', 69099, 'Screen Queen', '2024-11-24', '00:54:54'),('C110', 83369, 'Jamie Ma', '2024-11-12', '00:50:03'),('C65', 83369, 'Jamie Ma', '2024-11-19', '00:46:28'),('C132', 83369, 'Jamie Ma', '2024-11-18', '00:43:58'),('C124', 83369, 'Jamie Ma', '2024-12-01', '00:27:27'),('C24', 83369, 'Binge Buddy', '2024-11-12', '00:56:03'),('C121', 83369, 'Binge Buddy', '2024-11-28', '00:28:13'),('C25', 83369, 'Binge Buddy', '2024-11-16', '00:21:15'),('C13', 83369, 'Binge Buddy', '2024-11-16', '00:41:07'),('C98', 83369, 'Binge Buddy', '2024-11-26', '00:46:02'),('C89', 83369, 'Drama Diva', '2024-11-23', '00:31:27'),('C26', 83369, 'Drama Diva', '2024-11-25', '00:25:38'),('C78', 83369, 'Drama Diva', '2024-11-10', '00:24:36'),('C6', 83369, 'Drama Diva', '2024-11-28', '00:22:32'),('C110', 83369, 'Drama Diva', '2024-11-14', '00:36:58'),('C80', 98087, 'Keito Fukumuro', '2024-11-20', '00:17:11'),('C108', 98087, 'Keito Fukumuro', '2024-11-23', '00:16:04'),('C92', 98087, 'Keito Fukumuro', '2024-11-17', '00:50:34'),('C32', 98087, 'Keito Fukumuro', '2024-11-26', '00:27:39'),('C57', 98087, 'Keito Fukumuro', '2024-11-19', '00:34:16'),('C123', 98087, 'Stream Sage', '2024-11-22', '00:24:01'),('C113', 98087, 'Stream Sage', '2024-11-26', '00:53:42'),('C13', 98087, 'Stream Sage', '2024-11-28', '00:59:00'),('C25', 98087, 'Stream Sage', '2024-11-10', '00:33:14'),('C100', 98087, 'Stream Sage', '2024-12-01', '00:58:22'),('C18', 98087, 'Chill Wizard', '2024-11-20', '00:29:16'),('C1', 98087, 'Chill Wizard', '2024-11-15', '00:50:05'),('C10', 98087, 'Chill Wizard', '2024-11-13', '00:54:18'),('C112', 98087, 'Chill Wizard', '2024-11-27', '00:22:57'),('C50', 98087, 'Chill Wizard', '2024-11-14', '00:20:26'),('C22', 98087, 'Epic Explorer', '2024-11-13', '00:35:23'),('C60', 98087, 'Epic Explorer', '2024-11-12', '00:47:56'),('C81', 98087, 'Epic Explorer', '2024-11-25', '00:46:56'),('C30', 98087, 'Epic Explorer', '2024-11-12', '00:38:14'),('C102', 98087, 'Epic Explorer', '2024-12-01', '00:38:12');

INSERT INTO EPISODE (E_Content_ID, Series_ID, SeasonNo, EpisodeNo) VALUES ('C1', 'SID 1', 1, 1),('C2', 'SID 1', 1, 2),('C3', 'SID 1', 1, 3),('C4', 'SID 1', 1, 4),('C5', 'SID 1', 1, 5),('C6', 'SID 1', 1, 6),('C7', 'SID 1', 1, 7),('C8', 'SID 1', 1, 8),('C9', 'SID 1', 2, 1),('C10', 'SID 1', 2, 2),('C11', 'SID 1', 2, 3),('C12', 'SID 1', 2, 4),('C13', 'SID 1', 2, 5),('C14', 'SID 1', 2, 6),('C15', 'SID 1', 2, 7),('C16', 'SID 1', 2, 8),('C17', 'SID 1', 2, 9),('C18', 'SID 1', 3, 1),('C19', 'SID 1', 3, 2),('C20', 'SID 1', 3, 3),('C21', 'SID 1', 3, 4),('C22', 'SID 1', 3, 5),('C23', 'SID 1', 3, 6),('C24', 'SID 1', 3, 7),('C25', 'SID 1', 3, 8),('C26', 'SID 1', 4, 1),('C27', 'SID 1', 4, 2),('C28', 'SID 1', 4, 3),('C29', 'SID 1', 4, 4),('C30', 'SID 1', 4, 5),('C31', 'SID 1', 4, 6),('C32', 'SID 1', 4, 7),('C33', 'SID 1', 4, 8),('C34', 'SID 1', 4, 9),('C35', 'SID 2', 1, 1),('C36', 'SID 2', 1, 2),('C37', 'SID 2', 1, 3),('C38', 'SID 2', 1, 4),('C39', 'SID 2', 1, 5),('C40', 'SID 2', 1, 6),('C41', 'SID 2', 1, 7),('C42', 'SID 2', 1, 8),('C43', 'SID 3', 1, 1),('C44', 'SID 3', 1, 2),('C45', 'SID 3', 1, 3),('C46', 'SID 3', 1, 4),('C47', 'SID 3', 1, 5),('C48', 'SID 3', 1, 6),('C49', 'SID 3', 1, 7),('C50', 'SID 3', 1, 8),('C51', 'SID 4', 1, 1),('C52', 'SID 4', 1, 2),('C53', 'SID 4', 1, 3),('C54', 'SID 4', 1, 4),('C55', 'SID 4', 1, 5),('C56', 'SID 4', 1, 6),('C57', 'SID 4', 1, 7),('C58', 'SID 4', 1, 8),('C59', 'SID 4', 1, 9),('C60', 'SID 4', 1, 10),('C61', 'SID 5', 1, 1),('C62', 'SID 5', 1, 2),('C63', 'SID 5', 1, 3),('C64', 'SID 5', 1, 4),('C65', 'SID 5', 1, 5),('C66', 'SID 5', 1, 6),('C67', 'SID 5', 1, 7),('C68', 'SID 5', 1, 8),('C69', 'SID 5', 1, 9),('C70', 'SID 6', 1, 1),('C71', 'SID 6', 1, 2),('C72', 'SID 6', 1, 3),('C73', 'SID 6', 1, 4),('C74', 'SID 6', 1, 5),('C75', 'SID 6', 1, 6),('C76', 'SID 6', 1, 7),('C77', 'SID 6', 1, 8),('C78', 'SID 6', 1, 9),('C79', 'SID 6', 1, 10),('C80', 'SID 7', 1, 1),('C81', 'SID 7', 1, 2),('C82', 'SID 7', 1, 3),('C83', 'SID 7', 1, 4),('C84', 'SID 7', 1, 5),('C85', 'SID 7', 1, 6),('C86', 'SID 7', 1, 7),('C87', 'SID 7', 1, 8),('C88', 'SID 7', 2, 1),('C89', 'SID 7', 2, 2),('C90', 'SID 7', 2, 3),('C91', 'SID 7', 2, 4),('C92', 'SID 7', 2, 5),('C93', 'SID 7', 2, 6),('C94', 'SID 7', 2, 7),('C95', 'SID 7', 2, 8),('C96', 'SID 8', 1, 1),('C97', 'SID 8', 1, 2),('C98', 'SID 8', 1, 3),('C99', 'SID 8', 1, 4),('C100', 'SID 8', 1, 5),('C101', 'SID 8', 1, 6),('C102', 'SID 8', 1, 7),('C103', 'SID 8', 1, 8),('C104', 'SID 8', 2, 1),('C105', 'SID 8', 2, 2),('C106', 'SID 8', 2, 3),('C107', 'SID 8', 2, 4),('C108', 'SID 8', 2, 5),('C109', 'SID 8', 2, 6),('C110', 'SID 8', 2, 7),('C111', 'SID 8', 2, 8),('C112', 'SID 9', 1, 1),('C113', 'SID 9', 1, 2),('C114', 'SID 9', 1, 3),('C115', 'SID 9', 1, 4),('C116', 'SID 9', 1, 5),('C117', 'SID 9', 1, 6),('C118', 'SID 9', 1, 7),('C119', 'SID 9', 1, 8),('C120', 'SID 9', 1, 9),('C121', 'SID 10', 1, 1),('C122', 'SID 10', 1, 2),('C123', 'SID 10', 1, 3),('C124', 'SID 10', 1, 4),('C125', 'SID 10', 1, 5),('C126', 'SID 10', 1, 6),('C127', 'SID 10', 1, 7),('C128', 'SID 10', 1, 8);

-- FUNCTIONAL QUERIES

#TOP 5 SERIES WATCHED IN 2024
SELECT s.name, year(date_watched) AS year, count(*) AS view_count
FROM watch_history w
INNER JOIN content c ON w.content_id = c.content_id
INNER JOIN episode e ON w.content_id = e.e_content_id
INNER JOIN series s ON s.series_id = e.series_id
WHERE content_type = 'Episode'
AND year(date_watched) = 2024
GROUP BY s.name, year
ORDER BY view_count DESC
LIMIT 5;


#Monthly Revenue by Subscription Plan
SELECT sp.plan_type, year(start_date) AS year, month(mps.start_date) AS month,
SUM(sp.price) AS total_revenue, count(*) AS total_users
FROM member_subscription_payment mps 
INNER JOIN subscription_plan sp ON mps.plan_type = sp.plan_type 
AND month(mps.start_date) = 10 
AND year(start_date) = 2024 
GROUP BY sp.plan_type, year, month
ORDER BY total_revenue DESC;

#DEVICES
#Context: Basic = 1, Standard = 2, Premium 4

#Active Devices per Member
SELECT d.member_id, msp.plan_type, count(distinct(device_id)) as device_count
FROM device d
INNER JOIN MEMBER_SUBSCRIPTION_PAYMENT msp on msp.member_id = d.member_id
AND d.member_id in 
(#Members with Active Subscription
	SELECT member_id from MEMBER_SUBSCRIPTION_PAYMENT
	WHERE CURRENT_DATE between start_date and end_date)
GROUP BY d.member_id, msp.plan_type
ORDER BY plan_type;

#Members that are likely to Churn
#Inactive member(s) that have subscribed for at least 3 week
SELECT member_id as inactive_members
FROM (SELECT member_id
	FROM MEMBER_SUBSCRIPTION_PAYMENT
	WHERE CURRENT_DATE BETWEEN start_date AND end_date
    AND DATEDIFF(CURRENT_DATE, start_date) > 21) AS active_subscriptions
WHERE member_id NOT IN
(SELECT DISTINCT member_id FROM watch_history);
